Cyclone,Date,Time (UTC),Lat.,Long.,C.I. NO.,Estimated Central Pressure (hPa),Estimated Maximum Sustained Surface speed (kt),Estimated Pressure drop at the Centre,Grade
A.82.1,04.11.1982,1200,11.5,66,1.5,999,25,3,D
A.82.1,05.11.1982,0,11.7,65.7,2,997,30,5,DD
A.82.1,05.11.1982,300,12.5,65,2.5,995,35,7,CS
A.82.1,05.11.1982,1200,13,65,2.5,994,40,8,CS
A.82.1,06.11.1982,0,13.5,65.3,3,992,45,10,CS
A.82.1,06.11.1982,300,14,65.5,3.5,986,55,16,SCS
A.82.1,06.11.1982,1200,14.5,66,3.5,982,60,18,SCS
A.82.1,07.11.1982,300,15.5,66.5,3.5,982,60,20,SCS
A.82.1,07.11.1982,1200,16.5,67.5,4,980,65,22,VSCS
A.82.1,08.11.1982,300,18.5,70,4.5,970,80,30,VSCS
A.82.1,08.11.1982,1200,20.5,70.5,5,962,90,40,ESCS
A.82.1,09.11.1982,0,22.5,73,5.1,990,50,12,SCS
A.82.1,09.11.1982,300,23,73.5,5.2,995,35,7,CS
A.82.1,09.11.1982,1200,23.5,75,5.3,999,25,3,D
A.93.1,12.11.1993,300,11.5,69,1.5,1004,25,4,D
A.93.1,12.11.1993,600,12,68.5,1.5,1004,25,4,D
A.93.1,12.11.1993,1200,14,67.5,2,1002,30,6,DD
A.93.1,12.11.1993,1800,14,66.5,2,1002,30,6,DD
A.93.1,13.11.1993,0,15,65.5,2.5,1000,35,8,CS
A.93.1,13.11.1993,300,16,65,3,1000,45,10,CS
A.93.1,13.11.1993,600,16.5,64.5,3,1000,45,10,CS
A.93.1,13.11.1993,1200,17.5,64.5,3,998,45,10,CS
A.93.1,13.11.1993,1800,18.5,64.5,3,1000,45,10,CS
A.93.1,14.11.1993,0,19.5,64.5,3,1000,45,10,CS
A.93.1,14.11.1993,300,20,64.5,3,998,45,10,CS
A.93.1,14.11.1993,600,20,64.5,3.5,992,55,16,SCS
A.93.1,14.11.1993,1200,20.5,64.5,4,986,65,22,VSCS
A.93.1,14.11.1993,1800,21.5,65.5,4,988,65,22,VSCS
A.93.1,15.11.1993,0,22.5,67,3.5,998,55,14,SCS
A.93.1,15.11.1993,300,23.5,67.5,3,1002,45,10,CS
A.93.1,15.11.1993,600,23.5,67.5,3,1004,35,8,CS
A.93.1,15.11.1993,1200,23.5,67.5,3,1004,30,6,CS
A.93.1,15.11.1993,1800,23.5,67.5,3,1004,30,6,CS
A.94.1,05.06.1994,1800,16,72.5,1.5,992,25,4,D
A.94.1,06.06.1994,0,16.5,72,1.5,992,25,4,D
A.94.1,06.06.1994,300,17.5,71.5,2,991,30,5,DD
A.94.1,06.06.1994,600,17.5,71.5,2,990,30,6,DD
A.94.1,06.06.1994,1200,18,70.5,2.5,988,35,8,CS
A.94.1,06.06.1994,1800,19,69,2.5,988,35,8,CS
A.94.1,07.06.1994,0,19.5,67.4,2.5,988,35,8,CS
A.94.1,07.06.1994,300,19.5,66.5,2.5,988,35,8,CS
A.94.1,07.06.1994,600,19.5,65,3,986,45,10,CS
A.94.1,07.06.1994,1200,19.5,64,3.5,980,55,16,SCS
A.94.1,07.06.1994,1800,19.5,63,3,984,45,12,CS
A.94.1,08.06.1994,0,19.5,62,2.5,988,35,8,CS
A.94.1,08.06.1994,300,19.5,61.5,2.5,988,35,8,CS
A.94.1,08.06.1994,600,19.5,61.5,2.5,988,35,8,CS
A.94.1,08.06.1994,1200,19.5,61,2,990,30,6,DD
A.94.1,08.06.1994,1800,19.5,60.5,2,990,30,6,DD
A.94.1,09.06.1994,0,19.5,60,1.5,990,25,4,D
A.94.1,09.06.1994,300,19.5,59.5,1.5,990,25,4,D
A.94.1,09.06.1994,600,20,59,1.5,990,25,4,D
A.94.2,15.11.1994,300,9,65.5,1.5,1004,25,4,D
A.94.2,15.11.1994,600,9,65.5,1.5,1006,25,4,D
A.94.2,15.11.1994,1200,9,65.5,1.5,1006,25,4,D
A.94.2,15.11.1994,1800,9.2,65,1.5,1006,25,4,D
A.94.2,16.11.1994,0,9.5,64.5,1.5,1006,25,4,D
A.94.2,16.11.1994,300,9.5,64,2,1004,30,6,DD
A.94.2,16.11.1994,600,9.5,64,2,1002,30,6,DD
A.94.2,16.11.1994,1200,9.5,64,2.5,1000,35,8,CS
A.94.2,16.11.1994,1800,9.5,64,2.5,998,40,8,CS
A.94.2,17.11.1994,0,9.5,63.5,2.5,998,40,8,CS
A.94.2,17.11.1994,300,9,63,2.5,998,40,8,CS
A.94.2,17.11.1994,600,9,62,2.5,998,35,8,CS
A.94.2,17.11.1994,1200,8.5,61,2.5,998,35,8,CS
A.94.2,17.11.1994,1800,8,60.5,2.5,998,35,8,CS
A.94.2,18.11.1994,0,8,60,2.5,998,40,8,CS
A.94.2,18.11.1994,300,8,60,2.5,998,40,8,CS
A.94.2,18.11.1994,600,8,58,2.5,998,40,8,CS
A.94.2,18.11.1994,1200,8,57,2.5,998,40,8,CS
A.94.2,18.11.1994,1800,8,56.5,3,996,45,10,CS
A.94.2,19.11.1994,0,8,54.5,3.5,990,55,16,SCS
A.94.2,19.11.1994,300,8,54,4,984,65,22,VSCS
A.94.2,19.11.1994,600,8,53,4,984,65,22,VSCS
A.94.2,19.11.1994,1200,8,51,3.5,990,55,16,SCS
A.94.2,19.11.1994,1800,8,50.5,3,994,45,12,CS
A.94.2,20.11.1994,0,8,50,2.5,996,35,8,CS
A.94.2,20.11.1994,300,8,49.5,2.5,996,35,.,CS
A.96.1,22.10.1996,900,14,69,1.5,1000,25,5,D
A.96.1,22.10.1996,1200,14.5,69.5,1.5,1000,25,5,D
A.96.1,22.10.1996,1800,14.5,69.5,2,1000,30,5,DD
A.96.1,23.10.1996,0,15,70,2,1000,30,5,DD
A.96.1,23.10.1996,300,15,70,2,1000,30,5,DD
A.96.1,23.10.1996,600,15.5,70.5,2,1000,30,5,DD
A.96.1,23.10.1996,900,15.5,70.5,2.5,998,35,5,CS
A.96.1,23.10.1996,1200,16,70.5,3,998,45,5,CS
A.96.1,23.10.1996,1800,16.5,70.5,3.5,996,55,5,SCS
A.96.1,24.10.1996,0,17.8,70.5,3.5,996,55,5,SCS
A.96.1,24.10.1996,300,18,70.5,3.5,994,60,5,SCS
A.96.1,24.10.1996,600,18,70.5,3.5,994,60,5,SCS
A.96.1,24.10.1996,1200,19,70,3.5,994,55,5,SCS
A.96.1,24.10.1996,1800,19,70,3.5,994,55,5,SCS
A.96.1,25.10.1996,0,19.5,70,3,996,45,5,CS
A.96.1,25.10.1996,300,20,70,2.5,998,35,5,CS
A.96.1,25.10.1996,600,20,70,2,1000,30,5,DD
A.96.1,25.10.1996,1200,20,70,1.5,1002,25,5,D
A.96.1,26.10.1996,0,20,70,1.5,1002,25,5,D
A.96.1,26.10.1996,300,20,70,1.5,1002,25,5,D
A.96.1,26.10.1996,600,20,70,1.5,1002,25,5,D
A.96.1,26.10.1996,1200,20,70,1.5,1002,25,5,D
A.96.1,26.10.1996,1800,20,70,1.5,1002,25,5,D
A.96.1,27.10.1996,0,20,70,1.5,1002,25,5,D
A.96.1,27.10.1996,300,19.5,70,1.5,1002,25,5,D
A.96.1,27.10.1996,600,19.5,70,1.5,1002,25,5,D
A.96.1,27.10.1996,900,19,70,1.5,1002,25,5,D
A.96.1,27.10.1996,1200,18.5,69.5,1.5,1002,25,5,D
A.98.1,04.06.1998,600,10.5,69.5,1.5,1004,25,4,D
A.98.1,04.06.1998,1200,11,69,2,1004,30,6,DD
A.98.1,05.06.1998,300,11,70,2,1004,30,6,DD
A.98.1,05.06.1998,600,11.5,70.5,2,1000,30,6,DD
A.98.1,05.06.1998,900,12.5,70,2.5,998,35,8,CS
A.98.1,05.06.1998,1200,12,70,2.5,998,35,8,CS
A.98.1,05.06.1998,1800,12,69.5,2.5,996,35,8,CS
A.98.1,06.06.1998,0,12.5,69,2.5,996,35,8,CS
A.98.1,06.06.1998,300,12.5,69,3,996,45,10,CS
A.98.1,06.06.1998,600,12.5,69,3.5,989,55,15,SCS
A.98.1,06.06.1998,1200,13,69,3.5,987,55,15,SCS
A.98.1,06.06.1998,1800,13.5,68.5,3.5,991,55,15,SCS
A.98.1,07.06.1998,0,14,68,3.5,989,55,15,SCS
A.98.1,07.06.1998,300,14.5,68,3.5,989,55,15,SCS
A.98.1,07.06.1998,600,15,68,3.5,989,55,15,SCS
A.98.1,07.06.1998,900,15.5,68,4,979,65,21,SCS
A.98.1,07.06.1998,1200,16,68,4.5,970,80,30,VSCS
A.98.1,07.06.1998,1800,16.5,68,4.5,970,80,30,VSCS
A.98.1,08.06.1998,0,17.5,68,4.5,970,80,30,VSCS
A.98.1,08.06.1998,300,18,67.5,4.5,970,80,30,VSCS
A.98.1,08.06.1998,600,18.5,68,5,970,90,40,ESCS
A.98.1,08.06.1998,1200,19.5,68,5,958,90,40,ESCS
A.98.1,08.06.1998,1800,20.5,68.5,5,958,90,40,ESCS
A.98.1,09.06.1998,0,21.5,69,5,958,90,40,ESCS
A.98.1,09.06.1998,300,22,69.5,.,968,80,30,VSCS
A.98.1,09.06.1998,600,22.5,69.5,4.5,970,75,22,VSCS
A.98.1,09.06.1998,1200,23.5,70.5,.,982,55,12,SCS
A.98.1,09.06.1998,1800,24.5,71.5,.,990,40,8,CS
A.98.1,10.06.1998,0,26,73,.,992,30,6,DD
A.98.1,10.06.1998,300,26.5,73.5,.,994,30,5,DD
A.98.1,10.06.1998,600,27,74,.,995,30,5,DD
A.98.1,10.06.1998,900,27.5,75,.,996,25,3,D
A.98.2,13.12.1998,0,11,68.5,1.5,1004,25,4,D
A.98.2,13.12.1998,300,11,68.5,2,1002,30,6,DD
A.98.2,13.12.1998,600,11.2,68.3,2,1000,30,6,DD
A.98.2,13.12.1998,900,11.5,68,2.5,1000,35,8,CS
A.98.2,13.12.1998,1200,12,67.5,2.5,1000,35,8,CS
A.98.2,13.12.1998,1800,12.5,67.5,2.5,1000,35,8,CS
A.98.2,14.12.1998,0,12.5,67.5,2.5,1000,35,8,CS
A.98.2,14.12.1998,300,13,67.5,3,998,45,10,CS
A.98.2,14.12.1998,600,13.2,67.3,3,998,45,10,CS
A.98.2,14.12.1998,900,13.5,67,3.5,993,55,15,SCS
A.98.2,14.12.1998,1200,14,67,3.5,993,55,15,SCS
A.98.2,14.12.1998,1800,14.5,67,3.5,993,55,15,SCS
A.98.2,15.12.1998,0,15,67,3.5,993,55,15,SCS
A.98.2,15.12.1998,300,16,66,3.5,993,55,15,SCS
A.98.2,15.12.1998,600,16.5,65.5,3.5,993,55,15,SCS
A.98.2,15.12.1998,900,16.5,65,3,993,55,15,SCS
A.98.2,15.12.1998,1200,17,64.4,3,993,55,15,SCS
A.98.2,15.12.1998,1800,17.3,64,3,993,55,15,SCS
A.98.2,16.12.1998,0,17.5,63.5,3,993,55,15,SCS
A.98.2,16.12.1998,300,18,62.5,2.5,998,45,10,CS
A.98.2,16.12.1998,600,18.5,61.5,2.5,998,35,10,CS
A.98.2,16.12.1998,900,18.5,61,2,1002,30,6,DD
A.98.2,16.12.1998,1200,19,60,1.5,1004,25,4,D
A.98.2,16.12.1998,1800,19.5,59.5,1.5,1004,25,4,D
A.98.2,17.12.1998,0,19.5,59,1.5,1004,25,4,D
A.98.2,17.12.1998,300,19.5,59,1.5,1004,25,4,D
A.99.1,16.05.1999,1200,12.5,72,1.5,1000,25,4,D
A.99.1,16.05.1999,1500,12.7,71.8,1.5,1000,25,4,D
A.99.1,16.05.1999,1800,12.9,71.6,2,1000,25,6,DD
A.99.1,16.05.1999,2100,13,71.5,2,998,30,8,DD
A.99.1,17.05.1999,0,13.5,71,2,998,30,8,DD
A.99.1,17.05.1999,300,14.5,70.5,2.5,996,35,10,CS
A.99.1,17.05.1999,600,15,70,3,996,45,10,CS
A.99.1,17.05.1999,900,15,69.5,3.5,992,55,16,SCS
A.99.1,17.05.1999,1200,15,69.5,4,984,64,20,VSCS
A.99.1,17.05.1999,1500,15.5,69,4,984,64,20,VSCS
A.99.1,17.05.1999,1800,16,68.5,4,984,64,20,VSCS
A.99.1,17.05.1999,2100,16,68.5,4,980,64,26,VSCS
A.99.1,18.05.1999,0,16.5,68.5,4.5,976,80,30,VSCS
A.99.1,18.05.1999,300,17,67.5,4.5,976,80,30,VSCS
A.99.1,18.05.1999,600,18,67.5,5,964,90,40,ESCS
A.99.1,18.05.1999,900,17.8,67.6,5,964,90,40,ESCS
A.99.1,18.05.1999,1200,18.5,67.5,5.5,950,105,52,ESCS
A.99.1,18.05.1999,1500,18.5,67.5,5.5,948,105,52,ESCS
A.99.1,18.05.1999,1800,19,67.5,5.5,948,105,54,ESCS
A.99.1,18.05.1999,2100,20,67.5,5.5,948,105,54,ESCS
A.99.1,19.05.1999,0,20.5,67.5,5.5,948,105,54,ESCS
A.99.1,19.05.1999,300,21,67.5,5.5,948,105,54,ESCS
A.99.1,19.05.1999,600,21,67.5,5.5,948,105,54,ESCS
A.99.1,19.05.1999,900,21,67.5,5.5,948,105,54,ESCS
A.99.1,19.05.1999,1200,21.5,67.5,5.5,946,105,54,ESCS
A.99.1,19.05.1999,1500,22,67.5,5.5,946,105,54,ESCS
A.99.1,19.05.1999,1800,22.5,67.5,5.5,946,105,54,ESCS
A.99.1,19.05.1999,2100,23,67.5,5.5,946,105,54,ESCS
A.99.1,20.05.1999,0,23.3,67.5,5.5,946,105,56,ESCS
A.99.1,20.05.1999,300,23.5,68.5,5.5,946,105,54,ESCS
A.99.1,20.05.1999,600,23.7,68.5,5.5,946,105,52,ESCS
A.99.1,20.05.1999,1200,24.5,68,5.5,946,105,52,VSCS
A.99.1,20.05.1999,1800,24.7,68.7,5.5,946,105,52,VSCS
A.99.1,21.05.1999,0,25,69,5.5,946,105,52,SCS
A.99.1,21.05.1999,300,25,69,5.5,946,105,52,CS
A.99.1,21.05.1999,600,25,69.5,5.5,946,105,52,CS
A.99.1,21.05.1999,1200,25.5,70,5.5,946,105,52,CS
A.99.1,21.05.1999,1800,26,70.5,5.5,946,105,52,CS
A.99.1,22.05.1999,0,26.5,71,5.5,946,105,52,CS
A.99.1,22.05.1999,300,27,71,5.5,946,105,52,DD
A.99.1,22.05.1999,600,27.3,72,5.5,946,105,52,DD
A.99.1,22.05.1999,1200,27.5,72,5.5,946,105,52,D
A.03.1,12.11.2003,300,6.5,61.5,1.5,1002,25,2,D
A.03.1,12.11.2003,1200,6.5,59.5,2,1000,30,4,DD
A.03.1,12.11.2003,1800,6.5,59,2,998,35,6,CS
A.03.1,13.11.2003,0,6.5,58,2.5,998,35,6,CS
A.03.1,13.11.2003,300,6.5,58,2.5,998,35,6,CS
A.03.1,13.11.2003,600,6.5,58,3.5,994,55,14,SCS
A.03.1,13.11.2003,900,6.2,57.7,3.5,990,55,14,SCS
A.03.1,13.11.2003,1200,6,57.5,3.5,990,55,14,SCS
A.03.1,13.11.2003,1500,6,57,3.5,990,55,14,SCS
A.03.1,13.11.2003,1800,6,57,3.5,990,55,14,SCS
A.03.1,13.11.2003,2100,6,57,3.5,990,55,14,SCS
A.03.1,14.11.2003,0,6,56.5,3.5,990,55,14,SCS
A.03.1,14.11.2003,300,6,56.5,3.5,990,55,14,SCS
A.03.1,14.11.2003,600,5.5,55.5,3.5,990,55,14,SCS
A.03.1,14.11.2003,900,5.5,55,3.5,990,55,14,SCS
A.03.1,14.11.2003,1200,5.5,54.5,2.5,994,45,6,CS
A.03.1,14.11.2003,1500,5.5,54.5,2.5,994,35,6,CS
A.03.1,14.11.2003,1800,5.5,52,2.5,996,30,4,DD
A.03.1,14.11.2003,2100,5.5,51.5,2.5,996,30,4,DD
A.03.1,15.11.2003,0,5.5,51,2,998,30,4,DD
A.03.1,15.11.2003,300,5.5,51,1.5,1000,25,2,D
A.03.1,15.11.2003,1200,5.5,50.5,1.5,1000,25,2,D
ONIL,30.09.2004,900,16,69,1.5,1006,25,3,D
ONIL,30.09.2004,1200,16.5,68.5,2,1004,30,4,DD
ONIL,30.09.2004,1500,17,68,2,1004,30,4,DD
ONIL,30.09.2004,1800,17.5,68,2,1006,30,4,DD
ONIL,30.09.2004,2100,18,67.5,2,1006,30,4,DD
ONIL,01.10.2004,0,18.5,67,2,1006,30,4,DD
ONIL,01.10.2004,300,19,67,2,1006,30,4,DD
ONIL,01.10.2004,600,19,67,2,1006,30,4,DD
ONIL,01.10.2004,900,19.5,66.5,2.5,1002,35,6,CS
ONIL,01.10.2004,1200,20,66.5,2.5,1000,35,6,CS
ONIL,01.10.2004,1500,20,66.5,2.5,1000,35,6,CS
ONIL,01.10.2004,1800,20,66.5,2.5,1002,35,6,CS
ONIL,01.10.2004,2100,20,66.5,2.5,1002,35,6,CS
ONIL,02.10.2004,0,21,66.5,2.5,1002,35,6,CS
ONIL,02.10.2004,300,21,66.5,2.5,1000,35,8,CS
ONIL,02.10.2004,600,21.5,67,3,996,45,12,CS
ONIL,02.10.2004,900,21.5,67,3.5,990,55,16,SCS
ONIL,02.10.2004,1200,22,67.5,3.5,990,55,16,SCS
ONIL,02.10.2004,1500,22,67.5,3.5,990,55,16,SCS
ONIL,02.10.2004,1800,22.5,68,3.5,992,55,16,SCS
ONIL,02.10.2004,2100,22.5,68.5,3.5,992,55,16,SCS
ONIL,03.10.2004,0,23,68.5,2.5,998,35,10,CS
ONIL,03.10.2004,300,23,68.5,2,1002,30,6,DD
ONIL,03.10.2004,600,23,68.5,2,1004,30,4,DD
ONIL,03.10.2004,900,23,68.5,2,1002,30,4,DD
ONIL,03.10.2004,1200,23,68.5,1.5,1000,25,3,D
ONIL,03.10.2004,1500,23,68.5,1.5,1002,25,3,D
ONIL,03.10.2004,1800,23,68.5,1.5,1002,25,3,D
AGNI,29.11.2004,300,1.5,66,1.5,1006,25,3,D
AGNI,29.11.2004,600,2,65.5,1.5,1006,25,3,D
AGNI,29.11.2004,900,2.5,65,1.5,1006,25,4,D
AGNI,29.11.2004,1200,3,64.5,2.5,1004,35,6,CS
AGNI,29.11.2004,1500,3.5,64,2.5,1004,35,6,CS
AGNI,29.11.2004,1800,3.5,64,2.5,1004,35,6,CS
AGNI,29.11.2004,2100,3.5,63.5,2.5,1004,35,6,CS
AGNI,30.11.2004,0,4.5,63,2.5,1004,35,6,CS
AGNI,30.11.2004,300,5,62.5,3,998,45,10,CS
AGNI,30.11.2004,600,5.5,61.5,3.5,994,55,14,SCS
AGNI,30.11.2004,900,6,61,3.5,994,55,14,SCS
AGNI,30.11.2004,1200,6,60.5,3.5,994,55,14,SCS
AGNI,30.11.2004,1500,6,60.5,3.5,994,55,14,SCS
AGNI,30.11.2004,1800,6,60,3,998,45,10,CS
AGNI,30.11.2004,2100,6.5,60,3,1000,45,10,CS
AGNI,01.12.2004,0,7,59.5,2.5,1002,35,8,CS
AGNI,01.12.2004,300,7,59.5,2.5,1002,35,8,CS
AGNI,01.12.2004,600,7,59.5,2.5,1002,35,8,CS
AGNI,01.12.2004,900,7.5,58.5,2,1004,30,4,DD
AGNI,01.12.2004,1200,7.5,58.5,1.5,1006,25,4,DD
AGNI,02.12.2004,300,8,56.5,1.5,1006,25,3,D
AGNI,02.12.2004,1200,8,55,1.5,1006,25,3,D
MUKDA,21.09.2006,300,19.5,66,1.5,1004,25,4,D
MUKDA,21.09.2006,600,19.5,66,2,1002,30,5,DD
MUKDA,21.09.2006,900,19.5,66,2,1000,30,5,DD
MUKDA,21.09.2006,1200,19.5,66,2,1000,30,5,DD
MUKDA,21.09.2006,1500,19.5,66,2,1000,30,5,DD
MUKDA,21.09.2006,1800,19.5,66,2,1000,30,5,DD
MUKDA,21.09.2006,2100,19.5,66,2,998,30,5,DD
MUKDA,22.09.2006,0,20,66,2.5,996,40,6,CS
MUKDA,22.09.2006,300,20,66,3,994,45,6,CS
MUKDA,22.09.2006,600,20,66,3,994,45,6,CS
MUKDA,22.09.2006,900,20,66,3,994,45,8,CS
MUKDA,22.09.2006,1200,20.5,66.5,3,994,45,10,SCS
MUKDA,22.09.2006,1500,20.5,66.5,3,992,45,10,SCS
MUKDA,22.09.2006,1800,20.5,66.5,3,990,45,10,SCS
MUKDA,22.09.2006,2100,20.5,66.5,3,988,45,10,SCS
MUKDA,23.09.2006,0,21,67,3,988,45,10,SCS
MUKDA,23.09.2006,300,21,67,3,988,45,10,SCS
MUKDA,23.09.2006,600,21,67,3,988,45,10,SCS
MUKDA,23.09.2006,900,21,67,3,988,45,10,SCS
MUKDA,23.09.2006,1200,21,67,3,988,50,10,SCS
MUKDA,23.09.2006,1500,21,67,3.5,990,55,15,SCS
MUKDA,23.09.2006,1800,21,67,3.5,992,50,15,SCS
MUKDA,23.09.2006,2100,21,67,3,994,45,10,CS
MUKDA,24.09.2006,0,21,67,3,994,40,10,CS
MUKDA,24.09.2006,300,21,67,2,996,35,8,CS
MUKDA,24.09.2006,600,21,67,2,1000,30,5,DD
MUKDA,24.09.2006,900,21,67,2,1002,30,5,DD
MUKDA,24.09.2006,1200,21,67,1.5,1004,25,4,D
GONU,01.06.2007,1800,15,68,1.5,1002,25,4,D
GONU,01.06.2007,2100,15,68,1.5,1002,25,4,D
GONU,02.06.2007,0,15,68,1.5,1002,25,4,D
GONU,02.06.2007,300,15,67.5,2,1000,30,5,DD
GONU,02.06.2007,900,15,67,2.5,998,35,8,CS
GONU,02.06.2007,1200,15,67,3,992,45,10,CS
GONU,02.06.2007,1500,15,67,3,992,45,10,CS
GONU,02.06.2007,1800,15,67,3,992,45,10,CS
GONU,02.06.2007,2100,15,66.5,3,992,45,10,CS
GONU,03.06.2007,0,15.5,66.5,3.5,988,55,16,SCS
GONU,03.06.2007,300,15.5,66.5,3.5,988,55,16,SCS
GONU,03.06.2007,600,16,66.5,3.5,988,55,16,SCS
GONU,03.06.2007,900,16.5,66.5,3.5,988,55,16,SCS
GONU,03.06.2007,1200,17.5,66.5,3.5,988,55,16,SCS
GONU,03.06.2007,1500,17.5,66.5,3.5,988,55,16,SCS
GONU,03.06.2007,1800,18,66,4,980,65,22,VSCS
GONU,03.06.2007,2100,18,66,4,980,65,22,VSCS
GONU,04.06.2007,0,18.5,65,4.5,974,77,30,VSCS
GONU,04.06.2007,300,18.5,65,5,960,90,40,ESCS
GONU,04.06.2007,600,19,64.5,5.5,952,102,52,ESCS
GONU,04.06.2007,900,19.5,64.52,6,934,115,66,ESCS
GONU,04.06.2007,1200,20,64,6,934,115,66,ESCS
GONU,04.06.2007,1500,20,64,6.5,920,127,80,SUCS
GONU,04.06.2007,1800,20.5,63.5,6.5,920,127,80,SUCS
GONU,04.06.2007,2100,20.5,63.5,6,935,115,66,ESCS
GONU,05.06.2007,0,20.5,63,6,936,115,66,ESCS
GONU,05.06.2007,300,21,62,6,936,115,66,ESCS
GONU,05.06.2007,600,21.5,61.5,5.5,950,102,52,ESCS
GONU,05.06.2007,900,21.5,61,5.5,950,102,52,ESCS
GONU,05.06.2007,1200,21.5,61,5,960,90,40,ESCS
GONU,05.06.2007,1500,22,61,4.5,970,77,30,VSCS
GONU,05.06.2007,1800,22,60.5,4.5,970,77,30,VSCS
GONU,05.06.2007,2100,22.5,60.5,4.5,970,77,30,VSCS
GONU,06.06.2007,0,22.5,59.5,4.5,970,77,30,VSCS
GONU,06.06.2007,300,23,59,4.5,970,77,30,VSCS
GONU,06.06.2007,600,23.5,59.5,4.5,970,77,30,VSCS
GONU,06.06.2007,900,23.5,59.5,4.5,970,77,30,VSCS
GONU,06.06.2007,1200,24,59,4.5,970,77,30,VSCS
GONU,06.06.2007,1500,24,59,4.5,970,77,30,VSCS
GONU,06.06.2007,1800,24.5,59,4,978,65,22,VSCS
GONU,06.06.2007,2100,25,59,3.5,984,55,16,SCS
GONU,07.06.2007,0,25,59,3,988,45,10,CS
GONU,07.06.2007,300,25.5,58.5,3,988,45,10,CS
PHYAN,11.09.2009,900,11,72,1.5,1000,25,4,D
PHYAN,11.09.2009,1200,11.5,71.5,1.5,1000,25,4,D
PHYAN,11.09.2009,1800,12,71,1.5,1000,25,4,D
PHYAN,11.10.2009,0,12.5,70.5,1.5,998,25,4,D
PHYAN,11.10.2009,300,13,70.5,2,998,30,5,DD
PHYAN,11.10.2009,600,13.5,70.5,2,998,30,5,DD
PHYAN,11.10.2009,1200,14.5,71,2,996,30,5,DD
PHYAN,11.10.2009,1800,15,71,2.5,996,35,6,CS
PHYAN,11.10.2009,2100,15.5,71.5,2.5,994,35,6,CS
PHYAN,11.11.2009,0,16,71.5,2.5,992,40,8,CS
PHYAN,11.11.2009,300,17,72,3,990,45,10,CS
PHYAN,11.11.2009,600,17.5,72.5,3,988,45,12,CS
PHYAN,11.11.2009,900,18.5,72.5,2.5,992,40,8,CS
PHYAN,11.11.2009,1200,19.5,73.5,.,996,30,5,DD
PHYAN,11.11.2009,1500,20,74,.,998,30,5,DD
PHYAN,11.11.2009,1800,20,74,.,1000,20,4,D
PHET,31.05.2010,600,15,64,1.5,1001,25,3,D
PHET,31.05.2010,1200,15.5,63.5,1.5,1001,25,3,D
PHET,31.05.2010,1800,15.5,63.5,1.5,999,25,4,D
PHET,01.06.2010,0,15.5,63.5,2,998,30,5,DD
PHET,01.06.2010,300,15.5,63.5,2,998,30,5,DD
PHET,01.06.2010,600,16,63,2,996,30,5,DD
PHET,01.06.2010,900,16,63,2.5,995,35,7,CS
PHET,01.06.2010,1200,16.5,62.5,2.5,994,35,7,CS
PHET,01.06.2010,1500,16.5,62.5,2.5,992,40,8,CS
PHET,01.06.2010,1800,17,62,3,990,45,10,CS
PHET,01.06.2010,2100,17,62,3,990,45,10,CS
PHET,02.06.2010,0,17.5,61.5,3.5,986,55,15,SCS
PHET,02.06.2010,300,17.5,61,3.5,984,60,18,SCS
PHET,02.06.2010,600,17.5,61,4,978,70,24,VSCS
PHET,02.06.2010,900,18,60.5,4.5,968,80,32,VSCS
PHET,02.06.2010,1200,18,60.5,4.5,964,85,36,VSCS
PHET,02.06.2010,1500,18.5,60,4.5,964,85,36,VSCS
PHET,02.06.2010,1800,18.5,60,4.5,966,85,36,VSCS
PHET,02.06.2010,2100,18.5,60,4.5,970,80,32,VSCS
PHET,03.06.2010,0,18.5,59.5,4,974,75,28,VSCS
PHET,03.06.2010,300,18.5,59.5,4,974,75,28,VSCS
PHET,03.06.2010,600,19,59.5,4,978,70,24,VSCS
PHET,03.06.2010,900,19.5,59.5,4,978,70,24,VSCS
PHET,03.06.2010,1200,20,59.5,4,978,70,24,VSCS
PHET,03.06.2010,1500,20,59.5,4,978,70,24,VSCS
PHET,03.06.2010,1800,20.5,59.5,4,980,65,22,VSCS
PHET,03.06.2010,2100,21,59.5,4,980,65,22,VSCS
PHET,04.06.2010,0,21.5,59.5,4,980,65,22,VSCS
PHET,04.06.2010,300,22,59.5,.,982,60,18,SCS
PHET,04.06.2010,600,22,59.5,.,984,60,18,SCS
PHET,04.06.2010,900,22.5,59.5,.,984,60,18,SCS
PHET,04.06.2010,1200,23,59.5,3.5,984,60,18,SCS
PHET,04.06.2010,1500,23,59.5,3.5,986,55,16,SCS
PHET,04.06.2010,1800,23,59.5,3.5,988,55,14,SCS
PHET,04.06.2010,2100,23.5,60,3.5,990,50,12,SCS
PHET,05.06.2010,0,24,60.5,3,990,45,10,CS
PHET,05.06.2010,300,24.5,61,2.5,992,40,8,CS
PHET,05.06.2010,600,24.5,61,2.5,992,40,8,CS
PHET,05.06.2010,900,24.5,61,2.5,992,40,8,CS
PHET,05.06.2010,1200,24.5,61.5,2.5,992,40,8,CS
PHET,05.06.2010,1500,24.5,62,2.5,994,35,7,CS
PHET,05.06.2010,1800,24.5,62.5,2,994,30,5,DD
PHET,05.06.2010,2100,24.5,63,2,994,30,5,DD
PHET,06.06.2010,0,24.5,64,2,994,30,5,DD
PHET,06.06.2010,300,24.5,65,1.5,994,25,4,D
PHET,06.06.2010,600,24.5,66,1.5,994,25,4,D
PHET,06.06.2010,900,24.5,66.5,1.5,994,25,4,D
PHET,06.06.2010,1200,24.5,67,1.5,993,25,4,D
PHET,06.06.2010,1500,25,68,.,993,25,4,D
PHET,06.06.2010,1800,25,69,.,991,25,5,D
PHET,07.06.2010,0,26.5,71,.,993,25,5,D
PHET,07.06.2010,300,26.5,71.5,.,993,25,5,D
PHET,07.06.2010,600,26.5,72.5,.,995,20,3,D
KEILA,29.10.2011,600,13,62,1.5,1004,25,3,D
KEILA,29.10.2011,1200,13,61,1.5,1004,25,3,D
KEILA,29.10.2011,1800,13,61,1.5,1004,25,3,D
KEILA,29.10.2011,0,13,60.5,1.5,1004,25,3,D
KEILA,30.10.2011,300,13,60,1.5,1004,25,3,D
KEILA,30.10.2011,600,13,60,1.5,1002,25,3,D
KEILA,30.10.2011,1200,13.5,59.5,1.5,1002,25,3,D
KEILA,30.10.2011,1800,14,59,1.5,1002,25,3,D
KEILA,31.10.2011,0,14.5,59,1.5,1002,25,3,D
KEILA,31.10.2011,300,15,58.5,1.5,1000,25,3,D
KEILA,31.10.2011,600,16,57,1.5,1000,25,3,D
KEILA,31.10.2011,1200,16,57.5,1.5,1000,25,3,D
KEILA,31.10.2011,1800,16,57,1.5,1000,25,3,D
KEILA,01.11.2011,0,16,56.5,1.5,1000,25,3,D
KEILA,01.11.2011,300,16,56,2,1000,30,4,DD
KEILA,01.11.2011,600,16,56,2,1000,30,4,DD
KEILA,01.11.2011,1200,16,55.5,2,1000,30,4,DD
KEILA,01.11.2011,1800,16,55.5,2,1000,30,5,DD
KEILA,02.11.2011,0,16,55.3,2,1000,30,5,DD
KEILA,02.11.2011,300,16,55,2.5,998,35,7,CS
KEILA,02.11.2011,600,16,54.5,2.5,996,35,7,CS
KEILA,02.11.2011,900,16,54.5,2.5,996,35,7,CS
KEILA,02.11.2011,1200,16.5,54.5,2.5,996,35,7,CS
KEILA,02.11.2011,1500,16.8,54.3,2.5,996,35,6,CS
KEILA,02.11.2011,1800,17.1,54.2,2,1000,30,5,DD
KEILA,03.11.2011,0,17.1,54.2,2,1000,30,5,DD
KEILA,03.11.2011,300,17.1,54.2,2,1000,30,4,DD
KEILA,03.11.2011,600,17.1,54.2,2,1000,30,4,DD
KEILA,03.11.2011,1200,17,54.5,2,1000,30,4,DD
KEILA,03.11.2011,1800,17,54.8,2,1001,30,4,DD
KEILA,04.11.2011,0,17,55,2,1001,30,4,DD
KEILA,04.11.2011,300,16.5,55,1.5,1002,25,3,D
KEILA,06.11.2011,600,10.5,65.5,1.5,1004,25,3,D
KEILA,06.11.2011,1200,10.5,65.5,1.5,1004,25,3,D
KEILA,06.11.2011,1800,11,64.5,1.5,1004,25,3,D
KEILA,06.11.2011,0,11.5,64,1.5,1002,25,3,D
KEILA,06.11.2011,300,11.5,63.5,1.5,1002,25,3,D
KEILA,06.11.2011,600,12.5,62,1.5,1002,25,3,D
KEILA,06.11.2011,1200,13.5,60.5,1.5,1002,25,3,D
KEILA,06.11.2011,1800,13.5,60.5,1.5,1002,25,3,D
KEILA,08.11.2011,0,13.5,60,1.5,1002,25,3,D
MURJAN,22.10.2012,2100,11,66.5,1.5,1004,25,3,D
MURJAN,23.10.2012,300,11,66,1.5,1004,25,3,D
MURJAN,23.10.2012,1200,11.5,64,1.5,1003,25,3,D
MURJAN,23.10.2012,1500,11.5,63.5,2,1002,30,4,DD
MURJAN,24.10.2012,300,11,59,2,1002,30,4,DD
MURJAN,24.10.2012,1200,10.5,56.5,2.5,1000,35,6,CS
MURJAN,24.10.2012,1800,10.5,55.5,2.5,998,40,8,CS
MURJAN,25.10.2012,0,10.5,54,2.5,1000,35,6,CS
MURJAN,25.10.2012,300,10.5,53.5,2.5,1000,35,6,CS
MURJAN,25.10.2012,600,10,53,2.5,1000,35,6,CS
MURJAN,25.10.2012,1200,9.5,51.5,2.5,1000,35,6,CS
MURJAN,25.10.2012,1800,9.5,50.5,..,1001,30,4,DD
MURJAN,26.10.2012,0,9.5,49.5,..,1002,25,3,D
MURJAN,26.10.2012,300,9.5,48.5,..,1002,25,3,D
NILOFAR,25.10.2014,0,12.5,61.5,1.5,1004,25,3,D
NILOFAR,25.10.2014,300,12.5,61.5,1.5,1004,25,3,D
NILOFAR,25.10.2014,600,12.5,61.5,1.5,1004,25,3,D
NILOFAR,25.10.2014,1200,13,61,1.5,1003,25,3,D
NILOFAR,25.10.2014,1800,13,61,1.5,1003,25,3,D
NILOFAR,26.10.2014,0,14,62,1.5,1002,25,4,D
NILOFAR,26.10.2014,300,14,62,2,999,30,5,DD
NILOFAR,26.10.2014,600,14.1,62,2.5,998,35,6,CS
NILOFAR,26.10.2014,900,14.1,62,2.5,996,35,7,CS
NILOFAR,26.10.2014,1200,14.2,62,2.5,994,40,8,CS
NILOFAR,26.10.2014,1500,14.3,62,3,994,40,8,CS
NILOFAR,26.10.2014,1800,14.4,62,3,994,45,10,CS
NILOFAR,26.10.2014,2100,14.5,62,3,994,50,12,SCS
NILOFAR,27.10.2014,0,14.8,62,3.5,990,55,16,SCS
NILOFAR,27.10.2014,300,14.9,62,3.5,990,60,18,SCS
NILOFAR,27.10.2014,600,14.9,62,4,986,65,20,VSCS
NILOFAR,27.10.2014,900,14.9,62,4,984,65,22,VSCS
NILOFAR,27.10.2014,1200,15,62,4,982,70,24,VSCS
NILOFAR,27.10.2014,1500,15.1,62,4,981,70,25,VSCS
NILOFAR,27.10.2014,1800,15.3,62,4,980,70,26,VSCS
NILOFAR,27.10.2014,2100,15.6,61.8,4,979,75,27,VSCS
NILOFAR,28.10.2014,0,15.7,61.8,4,978,75,28,VSCS
NILOFAR,28.10.2014,300,15.8,61.7,4,977,75,29,VSCS
NILOFAR,28.10.2014,600,15.9,61.6,4.5,974,80,32,VSCS
NILOFAR,28.10.2014,900,16.3,61.6,5,966,90,40,ESCS
NILOFAR,28.10.2014,1200,16.7,61.8,5.5,954,100,52,ESCS
NILOFAR,28.10.2014,1500,17.2,61.8,5.5,952,105,54,ESCS
NILOFAR,28.10.2014,1800,17.6,61.8,5.5,950,110,56,ESCS
NILOFAR,28.10.2014,2100,18,61.8,5.5,950,110,56,ESCS
NILOFAR,29.10.2014,0,18.2,62,5.5,954,105,52,ESCS
NILOFAR,29.10.2014,300,18.7,62,5,958,100,48,ESCS
NILOFAR,29.10.2014,600,18.9,62,5,962,95,44,ESCS
NILOFAR,29.10.2014,900,19,62,5,968,90,40,ESCS
NILOFAR,29.10.2014,1200,19.2,62.2,4.5,974,80,32,VSCS
NILOFAR,29.10.2014,1500,19.4,62.5,4,980,70,26,VSCS
NILOFAR,29.10.2014,1800,19.4,62.8,4,986,70,24,VSCS
NILOFAR,29.10.2014,2100,19.4,63.1,3.5,988,60,20,SCS
NILOFAR,30.10.2014,0,19.5,63.6,3.5,990,60,18,SCS
NILOFAR,30.10.2014,300,19.8,64.1,3,994,50,14,SCS
NILOFAR,30.10.2014,600,20.2,64.3,3,998,45,10,SCS
NILOFAR,30.10.2014,900,20.2,64.5,2.5,1000,40,9,CS
NILOFAR,30.10.2014,1200,20.5,64.6,2.5,1001,40,8,CS
NILOFAR,30.10.2014,1800,20.6,64.7,2.5,1002,35,7,CS
NILOFAR,30.10.2014,2100,20.7,65,2,1003,30,5,DD
NILOFAR,31.10.2014,0,20.7,65.1,1.5,1004,25,4,D
NILOFAR,05.11.2014,900,13,87.5,1.5,1000,25,4,D
NILOFAR,05.11.2014,1200,13,87.5,1.5,1000,25,4,D
NILOFAR,05.11.2014,1800,13.5,87.5,1.5,1000,25,4,D
NILOFAR,06.11.2014,0,13.8,87.5,1.5,1000,25,4,D
NILOFAR,06.11.2014,300,14,87.5,2,998,30,5,DD
NILOFAR,06.11.2014,600,14.1,87.5,2,998,30,6,DD
NILOFAR,06.11.2014,1200,14.1,88,2,998,30,6,DD
NILOFAR,06.11.2014,1800,13.8,88,2,1000,30,6,DD
NILOFAR,07.11.2014,0,14,87.5,2,1001,30,5,DD
NILOFAR,07.11.2014,300,14.2,87.5,1.5,1001,30,5,DD
NILOFAR,07.11.2014,600,14.2,87.5,1.5,1003,25,4,D
NILOFAR,07.11.2014,1200,14.2,87.5,1.5,1003,25,4,D
NILOFAR,07.11.2014,1800,14.3,87,1.5,1004,25,4,D
NILOFAR,08.11.2014,0,14.3,86.5,1.5,1005,25,3,D
MEGH,05.11.2015,0,14.1,66,1.5,1006,25,3,D
MEGH,05.11.2015,300,14.1,65.6,1.5,1004,25,4,D
MEGH,05.11.2015,600,14.1,64.8,2,1002,30,5,DD
MEGH,05.11.2015,1200,14,64,2.5,998,35,7,CS
MEGH,05.11.2015,1500,13.9,63.7,2.5,996,40,8,CS
MEGH,05.11.2015,1800,13.9,63.4,3,994,45,10,CS
MEGH,05.11.2015,2100,13.8,63,3,994,45,10,CS
MEGH,06.11.2015,0,13.7,62.5,3,994,45,10,CS
MEGH,06.11.2015,300,13.5,62.2,3,994,45,10,CS
MEGH,06.11.2015,600,13.2,61.9,3,994,45,10,CS
MEGH,06.11.2015,900,13.1,61.5,3,994,45,10,CS
MEGH,06.11.2015,1200,13,61,3,994,45,10,CS
MEGH,06.11.2015,1500,12.9,60.8,3,994,45,10,CS
MEGH,06.11.2015,1800,12.9,60.6,3,994,45,10,CS
MEGH,06.11.2015,2100,12.8,60.4,3,994,45,10,CS
MEGH,07.11.2015,0,12.8,60.1,3,994,45,10,CS
MEGH,07.11.2015,300,12.8,59.6,3,994,45,10,CS
MEGH,07.11.2015,600,12.7,59.2,3,992,50,12,SCS
MEGH,07.11.2015,900,12.6,58.8,3.5,990,55,16,SCS
MEGH,07.11.2015,1200,12.7,58.4,3.5,988,60,18,SCS
MEGH,07.11.2015,1500,12.6,57.9,4,984,65,22,VSCS
MEGH,07.11.2015,1800,12.7,57.3,4,980,70,26,VSCS
MEGH,07.11.2015,2100,12.7,56.7,4.5,976,80,32,VSCS
MEGH,08.11.2015,0,12.7,56.1,4.5,974,85,36,VSCS
MEGH,08.11.2015,300,12.7,55.5,5,968,90,40,ESCS
MEGH,08.11.2015,600,12.7,54.9,5,964,95,44,ESCS
MEGH,08.11.2015,900,12.7,54.2,5,964,95,44,ESCS
MEGH,08.11.2015,1200,12.7,53.5,5,970,90,40,ESCS
MEGH,08.11.2015,1500,12.7,52.9,5,970,90,40,ESCS
MEGH,08.11.2015,1800,12.5,52.4,5,970,90,40,ESCS
MEGH,08.11.2015,2100,12.5,51.7,5,970,90,40,ESCS
MEGH,09.11.2015,0,12.3,51,4.5,974,85,36,VSCS
MEGH,09.11.2015,300,12.3,50.3,4.5,976,80,32,VSCS
MEGH,09.11.2015,600,12.3,49.6,4.5,978,80,30,VSCS
MEGH,09.11.2015,900,12.4,48.8,4,980,75,28,VSCS
MEGH,09.11.2015,1200,12.5,48,4,982,70,26,VSCS
MEGH,09.11.2015,1500,12.5,47.6,4,986,65,22,VSCS
MEGH,09.11.2015,1800,12.6,47.2,4,988,65,20,VSCS
MEGH,09.11.2015,2100,12.7,46.8,3.5,990,60,18,SCS
MEGH,10.11.2015,0,12.9,46.4,3,996,50,14,SCS
MEGH,10.11.2015,300,13.1,46.2,3,998,40,12,CS
MEGH,10.11.2015,600,13.3,46.1,2,1003,30,5,DD
MEGH,10.11.2015,1200,13.6,46.5,1.5,1005,25,3,D
SAGAR,16.05.2018,1200,13,50,1.5,1001,25,3,D
SAGAR,16.05.2018,1800,13.2,49.6,1.5,1001,30,4,D
SAGAR,17.05.2018,0,13.2,49,2.5,999,30,5,DD
SAGAR,17.05.2018,300,13.2,48.7,2.5,997,35,7,CS
SAGAR,17.05.2018,600,13,48.4,2.5,997,35,7,CS
SAGAR,17.05.2018,900,13,48.3,2.5,997,35,7,CS
SAGAR,17.05.2018,1200,13,48.1,2.5,996,40,8,CS
SAGAR,17.05.2018,1500,13,47.8,2.5,996,40,8,CS
SAGAR,17.05.2018,1800,12.8,47.5,2.5,996,40,8,CS
SAGAR,17.05.2018,2100,12.7,47.2,2.5,996,40,8,CS
SAGAR,18.05.2018,0,12.4,46.6,3,996,45,10,CS
SAGAR,18.05.2018,300,12.2,46.3,3,994,45,10,CS
SAGAR,18.05.2018,600,12,46,3,994,45,10,CS
SAGAR,18.05.2018,900,11.8,45.6,3,994,45,10,CS
SAGAR,18.05.2018,1200,11.6,45.5,3,994,45,10,CS
SAGAR,18.05.2018,1500,11.4,45.3,3,994,45,10,CS
SAGAR,18.05.2018,1800,11.3,45.1,3,994,45,10,CS
SAGAR,18.05.2018,2100,11.2,45,3,994,45,10,CS
SAGAR,19.05.2018,0,11.1,44.8,3,994,45,10,CS
SAGAR,19.05.2018,300,10.9,44.4,3,994,45,10,CS
SAGAR,19.05.2018,600,10.8,44.1,3,996,40,8,CS
SAGAR,19.05.2018,900,10.6,43.9,.,998,40,8,CS
SAGAR,19.05.2018,1200,10.4,43.6,.,1000,35,7,CS
SAGAR,19.05.2018,1800,10.2,43.3,.,1001,30,5,DD
SAGAR,20.05.2018,0,10,42.9,.,1003,25,3,D
MEKUNU,21.05.2018,1200,8.5,58.5,1.5,1004,25,3,D
MEKUNU,21.05.2018,1800,8.7,58,1.5,1003,25,4,D
MEKUNU,22.05.2018,0,9,57.5,1.5,1002,25,4,D
MEKUNU,22.05.2018,300,9.2,57.2,2,1001,30,5,DD
MEKUNU,22.05.2018,600,9.5,57,2,1000,30,6,DD
MEKUNU,22.05.2018,1200,10.2,56.8,2.5,998,35,7,CS
MEKUNU,22.05.2018,1500,10.5,56.7,2.5,998,35,7,CS
MEKUNU,22.05.2018,1800,10.7,56.4,2.5,996,40,8,CS
MEKUNU,22.05.2018,2100,10.8,56.2,2.5,996,40,9,CS
MEKUNU,23.05.2018,0,11,56,3,994,45,10,CS
MEKUNU,23.05.2018,300,11.2,55.9,3.5,984,55,15,SCS
MEKUNU,23.05.2018,600,11.4,55.9,3.5,980,60,18,SCS
MEKUNU,23.05.2018,900,11.8,55.9,3.5,978,65,20,VSCS
MEKUNU,23.05.2018,1200,12,55.9,4,978,65,22,VSCS
MEKUNU,23.05.2018,1500,12.3,55.9,4,976,70,24,VSCS
MEKUNU,23.05.2018,1800,12.5,55.8,4,976,70,24,VSCS
MEKUNU,23.05.2018,2100,12.8,55.7,4,976,70,24,VSCS
MEKUNU,24.05.2018,0,13,55.6,4,974,70,24,VSCS
MEKUNU,24.05.2018,300,13.3,55.4,4.5,972,75,28,VSCS
MEKUNU,24.05.2018,600,13.7,55.3,4.5,970,80,32,VSCS
MEKUNU,24.05.2018,900,14,55.2,4.5,970,80,32,VSCS
MEKUNU,24.05.2018,1200,14.3,55.2,4.5,970,80,32,VSCS
MEKUNU,24.05.2018,1500,14.6,55.1,4.5,970,80,32,VSCS
MEKUNU,24.05.2018,1800,14.9,54.9,4.5,970,80,32,VSCS
MEKUNU,24.05.2018,2100,15.1,54.7,4.5,970,80,32,VSCS
MEKUNU,25.05.2018,0,15.2,54.5,4.5,968,85,36,VSCS
MEKUNU,25.05.2018,300,15.4,54.5,4.5,964,90,40,ESCS
MEKUNU,25.05.2018,600,15.8,54.4,5,964,90,40,ESCS
MEKUNU,25.05.2018,900,16.2,54.2,5,962,90,42,ESCS
MEKUNU,25.05.2018,1200,16.4,54.1,5,960,95,45,ESCS
MEKUNU,25.05.2018,1500,16.5,54,5,960,95,45,ESCS
MEKUNU,25.05.2018,1800,16.7,53.9,5,960,95,45,ESCS
MEKUNU,25.05.2018,2100,17.1,53.6,.,964,90,40,ESCS
MEKUNU,26.05.2018,0,17.2,53.5,.,976,75,28,VSCS
MEKUNU,26.05.2018,300,17.4,53.4,.,986,60,18,SCS
MEKUNU,26.05.2018,600,17.8,53.2,.,988,50,12,SCS
MEKUNU,26.05.2018,900,18.1,53.1,.,990,45,10,CS
MEKUNU,26.05.2018,1200,18.3,53,.,992,40,8,CS
MEKUNU,26.05.2018,1500,18.5,52.9,.,994,35,7,CS
MEKUNU,26.05.2018,1800,18.6,52.8,.,996,30,5,DD
MEKUNU,27.05.2018,0,19,52.6,.,1000,25,3,D
LUBAN,06.10.2018,900,11.2,67,1.5,1003,25,3,D
LUBAN,06.10.2018,1200,11.3,66.9,1.5,1002,25,4,D
LUBAN,06.10.2018,1800,11.6,66.5,1.5,1002,25,4,D
LUBAN,07.10.2018,0,11.9,65.8,1.5,1002,25,4,D
LUBAN,07.10.2018,300,12,65.6,1.5,1002,25,4,D
LUBAN,07.10.2018,600,12,65.4,1.5,1002,25,4,D
LUBAN,07.10.2018,900,12,64.8,2,1001,30,5,DD
LUBAN,07.10.2018,1200,12.1,64.3,2,1001,30,5,DD
LUBAN,07.10.2018,1800,12.2,63.5,2,1000,30,6,DD
LUBAN,08.10.2018,0,12.3,62.4,2.5,999,35,7,CS
LUBAN,08.10.2018,300,12.4,62,2.5,998,40,8,CS
LUBAN,08.10.2018,600,12.4,61.8,2.5,997,40,9,CS
LUBAN,08.10.2018,900,12.5,61.5,3,996,45,10,CS
LUBAN,08.10.2018,1200,12.5,61,3,996,45,10,CS
LUBAN,08.10.2018,1500,12.6,60.8,3,996,45,10,CS
LUBAN,08.10.2018,1800,12.7,60.5,3,994,45,12,CS
LUBAN,08.10.2018,2100,12.8,60.2,3,994,45,12,CS
LUBAN,09.10.2018,0,12.9,60.2,3,994,45,12,CS
LUBAN,09.10.2018,300,13,60.1,3,994,45,12,CS
LUBAN,09.10.2018,600,13.1,60.1,3,994,45,12,CS
LUBAN,09.10.2018,900,13.2,60,3.5,992,50,14,SCS
LUBAN,09.10.2018,1200,13.3,59.7,3.5,990,55,16,SCS
LUBAN,09.10.2018,1500,13.4,59.5,3.5,990,55,16,SCS
LUBAN,09.10.2018,1800,13.5,59.3,3.5,990,55,16,SCS
LUBAN,09.10.2018,2100,13.6,59.1,3.5,988,60,18,SCS
LUBAN,10.10.2018,0,14.1,59,4,985,65,21,VSCS
LUBAN,10.10.2018,300,14.1,59,4,984,65,22,VSCS
LUBAN,10.10.2018,600,14.2,58.9,4.5,978,75,28,VSCS
LUBAN,10.10.2018,900,14.4,58.7,4.5,978,75,28,VSCS
LUBAN,10.10.2018,1200,14.4,58.6,4,978,75,28,VSCS
LUBAN,10.10.2018,1500,14.5,58.5,4,978,75,28,VSCS
LUBAN,10.10.2018,1800,14.6,58.4,4,978,75,28,VSCS
LUBAN,10.10.2018,2100,14.6,58.4,4,978,75,28,VSCS
LUBAN,10.11.2018,0,14.7,58.1,4,978,75,28,VSCS
LUBAN,10.11.2018,300,14.5,58,4,980,70,26,VSCS
LUBAN,10.11.2018,600,14.5,57.8,4,980,70,26,VSCS
LUBAN,10.11.2018,900,14.5,57.8,4,980,70,26,VSCS
LUBAN,10.11.2018,1200,14.5,57.7,4,980,70,26,VSCS
LUBAN,10.11.2018,1500,14.5,57.7,4,980,70,26,VSCS
LUBAN,10.11.2018,1800,14.6,57.6,4,980,70,26,VSCS
LUBAN,10.11.2018,2100,14.7,57.6,4,980,65,26,VSCS
LUBAN,10.12.2018,0,14.7,57.6,3.5,984,60,22,VSCS
LUBAN,10.12.2018,300,14.7,57.4,3,987,55,25,SCS
LUBAN,10.12.2018,600,14.7,57.3,3,990,50,16,SCS
LUBAN,10.12.2018,900,14.7,57.2,3,990,50,16,SCS
LUBAN,10.12.2018,1200,14.7,57.1,3,991,50,15,SCS
LUBAN,10.12.2018,1500,14.7,56.9,3,992,50,14,SCS
LUBAN,10.12.2018,1800,14.8,56.6,3,994,45,12,CS
LUBAN,10.12.2018,2100,14.8,56.3,3,994,45,12,CS
LUBAN,13.10.2018,0,14.8,56,3,994,45,12,CS
LUBAN,13.10.2018,300,14.8,55.6,2.5,994,40,12,CS
LUBAN,13.10.2018,600,14.9,55.2,2.5,994,40,12,CS
LUBAN,13.10.2018,900,14.9,54.8,2.5,994,40,12,CS
LUBAN,13.10.2018,1200,14.9,54.4,2.5,994,40,12,CS
LUBAN,13.10.2018,1500,14.9,54,2.5,994,40,12,CS
LUBAN,13.10.2018,1800,15,53.7,2.5,996,40,10,CS
LUBAN,13.10.2018,2100,15.1,53.3,2.5,996,40,10,CS
LUBAN,14.10.2018,0,15.3,52.8,2.5,998,40,8,CS
LUBAN,14.10.2018,300,15.6,52.5,2.5,998,40,8,CS
LUBAN,14.10.2018,600,15.9,52.1,.,999,35,7,CS
LUBAN,14.10.2018,900,15.9,51.7,.,1000,30,6,DD
LUBAN,14.10.2018,1200,15.9,51.2,.,1001,30,5,DD
LUBAN,14.10.2018,1800,16.2,50.7,.,1002,25,4,D
LUBAN,15.10.2018,0,16.2,49,.,1003,25,3,D
VAYU,10.06.2019,0,11.7,71,1.5,998,25,3,D
VAYU,10.06.2019,300,12.5,71,1.5,998,25,3,D
VAYU,10.06.2019,600,12.5,70.9,2,997,30,4,DD
VAYU,10.06.2019,1200,13.3,70.8,2,996,30,5,DD
VAYU,10.06.2019,1800,13.9,70.6,2.5,995,35,6,CS
VAYU,10.06.2019,2100,14.2,70.6,2.5,994,35,7,CS
VAYU,11.06.2019,0,14.7,70.6,2.5,993,40,8,CS
VAYU,11.06.2019,300,15,70.6,2.5,992,40,9,CS
VAYU,11.06.2019,600,15.2,70.6,3,990,45,10,CS
VAYU,11.06.2019,900,15.7,70.6,3,988,45,12,CS
VAYU,11.06.2019,1200,16.1,70.6,3.5,986,55,15,SCS
VAYU,11.06.2019,1500,16.7,70.6,3.5,983,60,18,SCS
VAYU,11.06.2019,1800,17.1,70.6,4,980,65,21,VSCS
VAYU,11.06.2019,2100,17.5,70.6,4,977,70,24,VSCS
VAYU,12.06.2019,0,17.8,70.4,4.5,975,75,26,VSCS
VAYU,12.06.2019,300,18,70.3,4.5,973,75,28,VSCS
VAYU,12.06.2019,600,18.4,70,4.5,971,75,30,VSCS
VAYU,12.06.2019,900,18.8,69.9,4.5,970,80,32,VSCS
VAYU,12.06.2019,1200,19.1,69.9,4.5,970,80,32,VSCS
VAYU,12.06.2019,1500,19.5,69.8,4.5,970,80,32,VSCS
VAYU,12.06.2019,1800,19.7,69.7,4.5,970,80,32,VSCS
VAYU,12.06.2019,2100,20,69.6,4.5,970,80,32,VSCS
VAYU,13.06.2019,0,20.3,69.5,4.5,970,80,32,VSCS
VAYU,13.06.2019,300,20.4,69.4,4.5,970,80,32,VSCS
VAYU,13.06.2019,600,20.5,69.3,4.5,970,80,32,VSCS
VAYU,13.06.2019,900,20.7,69.1,4.5,970,80,32,VSCS
VAYU,13.06.2019,1200,20.9,69,4.5,970,80,32,VSCS
VAYU,13.06.2019,1500,20.9,68.8,4.5,970,80,32,VSCS
VAYU,13.06.2019,1800,20.9,68.8,4.5,970,80,32,VSCS
VAYU,13.06.2019,2100,20.9,68.6,4.5,970,80,32,VSCS
VAYU,14.06.2019,0,21,68.5,4.5,970,80,32,VSCS
VAYU,14.06.2019,300,21,68.3,4.5,973,75,28,VSCS
VAYU,14.06.2019,600,21,68.2,4.5,973,75,28,VSCS
VAYU,14.06.2019,900,20.9,68.1,4.5,973,75,26,VSCS
VAYU,14.06.2019,1200,20.8,68,4,976,70,24,VSCS
VAYU,14.06.2019,1500,20.8,67.9,4,976,70,24,VSCS
VAYU,14.06.2019,1800,20.8,67.8,4,978,65,22,VSCS
VAYU,14.06.2019,2100,20.8,67.5,4,978,65,22,VSCS
VAYU,15.06.2019,0,20.7,67.4,4,978,65,22,VSCS
VAYU,15.06.2019,300,20.7,67.4,4,979,65,21,VSCS
VAYU,15.06.2019,600,20.7,66.9,4,979,65,21,VSCS
VAYU,15.06.2019,900,20.7,66.7,4,980,65,21,VSCS
VAYU,15.06.2019,1200,20.7,66.4,4,980,65,21,VSCS
VAYU,15.06.2019,1500,20.7,66.3,4,980,65,21,VSCS
VAYU,15.06.2019,1800,20.7,66,4,981,65,21,VSCS
VAYU,15.06.2019,2100,20.7,65.9,4,981,65,21,VSCS
VAYU,16.06.2019,0,20.7,65.5,3.5,983,60,18,SCS
VAYU,16.06.2019,300,20.8,65.2,3.5,985,55,16,SCS
VAYU,16.06.2019,600,20.9,65.1,3.5,985,55,16,SCS
VAYU,16.06.2019,900,20.9,65,3.5,986,55,15,SCS
VAYU,16.06.2019,1200,21,65.1,3,988,50,12,SCS
VAYU,16.06.2019,1500,21.2,65.5,3,990,45,10,CS
VAYU,16.06.2019,1800,21.3,66,2.5,992,40,8,CS
VAYU,16.06.2019,2100,21.5,66.4,2.5,993,40,7,CS
VAYU,17.06.2019,0,21.7,66.7,2.5,995,35,6,CS
VAYU,17.06.2019,300,21.8,66.8,2,996,30,5,DD
VAYU,17.06.2019,600,22,67,2,997,30,5,DD
VAYU,17.06.2019,900,22.2,67.4,1.5,998,25,4,D
VAYU,17.06.2019,1200,22.5,67.8,1.5,998,20,3,D
HIKKA,22.09.2019,300,19.8,69.4,1.5,1002,25,3,D
HIKKA,22.09.2019,600,20,69,1.5,1000,25,4,D
HIKKA,22.09.2019,1200,20.4,68.2,2,999,30,5,DD
HIKKA,22.09.2019,1800,20.5,67.2,2,998,30,6,DD
HIKKA,23.09.2019,0,20.5,66.2,2.5,997,35,7,CS
HIKKA,23.09.2019,300,20.4,65.7,2.5,996,40,8,CS
HIKKA,23.09.2019,600,20.3,65,3,994,45,10,CS
HIKKA,23.09.2019,900,20.2,64.2,3.5,988,55,16,SCS
HIKKA,23.09.2019,1200,20.2,63.7,3.5,988,55,16,SCS
HIKKA,23.09.2019,1500,20.2,62.9,3.5,988,55,16,SCS
HIKKA,23.09.2019,1800,20.2,62.3,3.5,986,60,18,SCS
HIKKA,23.09.2019,2100,20.2,61.5,3.5,986,60,18,SCS
HIKKA,24.09.2019,0,20.1,61,4,980,70,24,VSCS
HIKKA,24.09.2019,300,20.1,60.3,4.5,978,75,27,VSCS
HIKKA,24.09.2019,600,20,59.5,4.5,978,75,27,VSCS
HIKKA,24.09.2019,900,19.9,58.9,4.5,978,75,27,VSCS
HIKKA,24.09.2019,1200,19.8,58.3,4.5,978,75,27,VSCS
HIKKA,24.09.2019,1500,19.7,57.6,.,986,60,18,SCS
HIKKA,24.09.2019,1800,19.7,57.1,.,989,55,15,SCS
HIKKA,24.09.2019,2100,19.6,56.6,.,994,45,10,CS
HIKKA,25.09.2019,0,19.6,55.9,.,997,35,7,CS
HIKKA,25.09.2019,300,19.5,55.5,.,999,30,5,DD
HIKKA,25.09.2019,600,19.3,55,.,1002,25,3,D
KYAAR,24.10.2019,300,15.4,70.4,1.5,1000,25,3,D
KYAAR,24.10.2019,600,15.4,70.4,1.5,1000,25,3,D
KYAAR,24.10.2019,1200,15.5,70.8,1.5,998,30,5,DD
KYAAR,24.10.2019,1800,15.7,71.3,2,997,30,6,DD
KYAAR,25.10.2019,0,15.9,71.5,2.5,996,40,8,CS
KYAAR,25.10.2019,300,16,71.6,2.5,996,40,8,CS
KYAAR,25.10.2019,600,16.1,71.8,3,994,45,10,CS
KYAAR,25.10.2019,900,16.2,71.7,3,994,45,10,CS
KYAAR,25.10.2019,1200,16.3,71.7,3,992,50,12,SCS
KYAAR,25.10.2019,1500,16.3,71.7,3.5,991,55,15,SCS
KYAAR,25.10.2019,1800,16.4,71.5,3.5,990,55,16,SCS
KYAAR,25.10.2019,2100,16.5,71.2,3.5,988,60,18,SCS
KYAAR,26.10.2019,0,16.5,70.8,4,984,65,22,VSCS
KYAAR,26.10.2019,300,16.6,70.5,4,984,65,22,VSCS
KYAAR,26.10.2019,600,16.6,70,4.5,978,75,28,VSCS
KYAAR,26.10.2019,900,16.6,69.8,4.5,974,80,32,VSCS
KYAAR,26.10.2019,1200,16.7,69.4,4.5,970,85,36,VSCS
KYAAR,26.10.2019,1500,16.7,69.1,5,966,90,40,ESCS
KYAAR,26.10.2019,1800,16.8,68.9,5.5,950,105,56,ESCS
KYAAR,26.10.2019,2100,16.9,68.5,6,946,110,60,ESCS
KYAAR,27.10.2019,0,17,68.2,6,934,120,72,SuCS
KYAAR,27.10.2019,300,17.1,67.8,6.5,928,125,78,SuCS
KYAAR,27.10.2019,600,17.2,67.3,6.5,928,125,78,SuCS
KYAAR,27.10.2019,900,17.4,67,6.5,922,130,84,SuCS
KYAAR,27.10.2019,1200,17.5,66.7,6.5,922,130,84,SuCS
KYAAR,27.10.2019,1500,17.5,66.5,6.5,922,130,84,SuCS
KYAAR,27.10.2019,1800,17.8,66.3,6.5,922,130,84,SuCS
KYAAR,27.10.2019,2100,18,65.7,6.5,926,125,80,SuCS
KYAAR,28.10.2019,0,18.1,65.4,6.5,928,125,78,SuCS
KYAAR,28.10.2019,300,18.2,65,6.5,928,125,78,SuCS
KYAAR,28.10.2019,600,18.3,64.7,6.5,928,125,78,SuCS
KYAAR,28.10.2019,900,18.4,64.5,6.5,928,125,78,SuCS
KYAAR,28.10.2019,1200,18.5,64.3,6.5,928,125,78,SuCS
KYAAR,28.10.2019,1500,18.7,64.1,6.5,928,125,78,SuCS
KYAAR,28.10.2019,1800,18.8,63.9,6.5,930,125,76,SuCS
KYAAR,28.10.2019,2100,18.9,63.8,6.5,930,125,76,SuCS
KYAAR,29.10.2019,0,19.1,63.5,6,934,120,72,SuCS
KYAAR,29.10.2019,300,19.2,63.4,6,940,115,66,ESCS
KYAAR,29.10.2019,600,19.4,63.2,5.5,946,110,60,ESCS
KYAAR,29.10.2019,900,19.4,63.1,5.5,950,105,56,ESCS
KYAAR,29.10.2019,1200,19.5,63.1,5.5,956,100,50,ESCS
KYAAR,29.10.2019,1500,19.5,62.9,5.5,956,100,50,ESCS
KYAAR,29.10.2019,1800,19.6,62.8,5,960,95,46,ESCS
KYAAR,29.10.2019,2100,19.6,62.6,5,966,90,40,ESCS
KYAAR,30.10.2019,0,19.6,62.3,4.5,970,85,36,VSCS
KYAAR,30.10.2019,300,19.6,62.1,4.5,974,80,32,VSCS
KYAAR,30.10.2019,600,19.4,61.8,4.5,978,75,28,VSCS
KYAAR,30.10.2019,900,19.3,61.7,4,982,70,24,VSCS
KYAAR,30.10.2019,1200,19,61.5,4,984,65,22,VSCS
KYAAR,30.10.2019,1500,18.9,61.2,3.5,988,60,18,SCS
KYAAR,30.10.2019,1800,18.7,61,3.5,990,55,16,SCS
KYAAR,30.10.2019,2100,18.5,60.7,3.5,991,55,15,SCS
KYAAR,31.10.2019,0,18.4,60.5,3,994,50,12,SCS
KYAAR,31.10.2019,300,18,60.2,3,996,45,10,CS
KYAAR,31.10.2019,600,17.7,60.1,2.5,998,40,8,CS
KYAAR,31.10.2019,900,17.5,60,2.5,998,40,8,CS
KYAAR,31.10.2019,1200,17.4,59.9,2.5,999,35,7,CS
KYAAR,31.10.2019,1500,17.2,59.6,2,1001,30,5,DD
KYAAR,31.10.2019,1800,16.8,59.6,2,1001,30,5,DD
KYAAR,31.10.2019,2100,16.7,59.5,2,1001,30,5,DD
KYAAR,01.11.2019,0,16.5,59.3,1.5,1002,25,4,D
KYAAR,01.11.2019,300,16.3,59,1.5,1002,25,4,D
KYAAR,01.11.2019,600,16,58.7,1.5,1002,25,4,D
KYAAR,01.11.2019,900,15.8,58.4,1.5,1002,25,4,D
KYAAR,01.11.2019,1200,15.4,57.5,1.5,1002,25,4,D
KYAAR,01.11.2019,1500,15,57.4,1.5,1002,25,4,D
KYAAR,01.11.2019,1800,14.5,57,1.5,1002,25,4,D
KYAAR,01.11.2019,2100,14,56.4,1.5,1002,25,4,D
KYAAR,02.11.2019,0,13.7,55.8,1.5,1002,25,4,D
KYAAR,02.11.2019,300,13.5,55,1.5,1003,25,3,D
KYAAR,02.11.2019,600,13.1,54.1,1.5,1003,25,3,D
KYAAR,02.11.2019,900,12.5,53.8,1.5,1003,25,3,D
KYAAR,02.11.2019,1200,12.5,53,1.5,1003,20,3,D
KYAAR,02.11.2019,1500,12,52.5,1.5,1003,20,3,D
MAHA,30.10.2019,0,6.5,76.2,1.5,1003,25,3,D
MAHA,30.10.2019,300,8,75,1.5,1003,25,3,D
MAHA,30.10.2019,600,8,75,1.5,1002,25,4,D
MAHA,30.10.2019,900,8.5,74.5,2,1001,30,5,DD
MAHA,30.10.2019,1200,9,74.1,2.5,1000,35,6,CS
MAHA,30.10.2019,1500,9.6,73.8,2.5,998,40,8,CS
MAHA,30.10.2019,1800,10.2,73.3,2.5,998,40,8,CS
MAHA,30.10.2019,2100,10.6,73.1,2.5,998,40,8,CS
MAHA,31.10.2019,0,11,73,3,996,45,10,CS
MAHA,31.10.2019,300,11.5,72.8,3,996,45,10,CS
MAHA,31.10.2019,600,11.9,72.8,3,994,50,12,SCS
MAHA,31.10.2019,900,12.3,72.8,3,994,50,12,SCS
MAHA,31.10.2019,1200,12.8,72.4,3,992,50,14,SCS
MAHA,31.10.2019,1500,13.3,72.2,3.5,990,55,16,SCS
MAHA,31.10.2019,1800,13.7,72.1,3.5,990,55,16,SCS
MAHA,31.10.2019,2100,13.9,72,3.5,990,55,16,SCS
MAHA,01.11.2019,0,14.6,71.7,3.5,990,55,16,SCS
MAHA,01.11.2019,300,14.8,71,3.5,990,55,16,SCS
MAHA,01.11.2019,600,15.2,70.5,3.5,990,55,16,SCS
MAHA,01.11.2019,900,15.4,70,3.5,990,55,16,SCS
MAHA,01.11.2019,1200,15.6,69.5,3,992,50,14,SCS
MAHA,01.11.2019,1500,15.7,69.2,3,992,50,14,SCS
MAHA,01.11.2019,1800,15.9,69.1,3,992,50,14,SCS
MAHA,01.11.2019,2100,16.2,68.8,3,992,50,14,SCS
MAHA,02.11.2019,0,16.3,68.5,3,992,50,14,SCS
MAHA,02.11.2019,300,16.4,68.3,3,992,50,14,SCS
MAHA,02.11.2019,600,16.5,68.2,3,992,50,14,SCS
MAHA,02.11.2019,900,16.8,67.9,3,992,50,14,SCS
MAHA,02.11.2019,1200,17,67.6,3.5,990,55,16,SCS
MAHA,02.11.2019,1500,17.1,67.3,3.5,990,55,16,SCS
MAHA,02.11.2019,1800,17.2,67,3.5,988,60,18,SCS
MAHA,02.11.2019,2100,17.5,66.8,3.5,988,60,18,SCS
MAHA,03.11.2019,0,17.6,66.5,3.5,988,60,18,SCS
MAHA,03.11.2019,300,17.6,66.4,3.5,988,60,18,SCS
MAHA,03.11.2019,600,17.6,66.2,3.5,988,60,18,SCS
MAHA,03.11.2019,900,17.6,65.9,4,984,65,22,VSCS
MAHA,03.11.2019,1200,17.7,65.7,4,982,70,24,VSCS
MAHA,03.11.2019,1500,17.8,65.6,4.5,978,75,28,VSCS
MAHA,03.11.2019,1800,17.9,65.4,4.5,974,80,32,VSCS
MAHA,03.11.2019,2100,18,65,4.5,970,85,36,VSCS
MAHA,04.11.2019,0,18.1,64.8,5,966,90,40,ESCS
MAHA,04.11.2019,300,18.3,64.6,5,966,90,40,ESCS
MAHA,04.11.2019,600,18.6,64.3,5,966,90,40,ESCS
MAHA,04.11.2019,900,18.7,64.2,5,962,95,44,ESCS
MAHA,04.11.2019,1200,18.9,64.1,5.5,956,100,50,ESCS
MAHA,04.11.2019,1500,19.2,63.9,5.5,956,100,50,ESCS
MAHA,04.11.2019,1800,19.3,63.7,5.5,956,100,50,ESCS
MAHA,04.11.2019,2100,19.5,63.6,5.5,956,100,50,ESCS
MAHA,05.11.2019,0,19.6,63.6,5,966,90,40,ESCS
MAHA,05.11.2019,300,19.7,63.6,4.5,970,85,36,VSCS
MAHA,05.11.2019,600,19.8,63.7,4.5,974,80,32,VSCS
MAHA,05.11.2019,900,19.8,63.8,4.5,974,80,32,VSCS
MAHA,05.11.2019,1200,19.8,64.1,4,982,70,24,VSCS
MAHA,05.11.2019,1500,19.8,64.3,4,982,70,24,VSCS
MAHA,05.11.2019,1800,19.8,64.9,4,982,70,24,VSCS
MAHA,05.11.2019,2100,19.8,65.5,4,982,70,24,VSCS
MAHA,06.11.2019,0,19.8,65.8,3.5,988,60,18,SCS
MAHA,06.11.2019,300,19.8,66.3,3.5,990,55,16,SCS
MAHA,06.11.2019,600,19.7,66.5,3,994,50,12,SCS
MAHA,06.11.2019,900,19.6,67.1,3,994,50,12,SCS
MAHA,06.11.2019,1200,19.7,67.7,3,996,45,10,CS
MAHA,06.11.2019,1500,19.8,68.3,2.5,998,40,8,CS
MAHA,06.11.2019,1800,19.8,68.4,2.5,998,40,8,CS
MAHA,06.11.2019,2100,19.8,68.9,2.5,1000,35,7,CS
MAHA,07.11.2019,0,19.8,69.4,2,1003,30,5,DD
MAHA,07.11.2019,300,20,70,2,1003,30,5,DD
MAHA,07.11.2019,600,20,70.4,1.5,1005,25,3,D
MAHA,07.11.2019,900,20.2,70.6,1.5,1005,20,3,D
PAWAN,02.12.2019,1200,5.7,56.6,1.5,1003,25,3,D
PAWAN,02.12.2019,1800,6.1,56.5,1.5,1002,25,4,D
PAWAN,03.12.2019,0,6.5,56.5,2,1001,30,5,DD
PAWAN,03.12.2019,300,6.8,56.4,2,1000,30,6,DD
PAWAN,03.12.2019,600,7,56.3,2,1000,30,6,DD
PAWAN,03.12.2019,1200,7,56.5,2,1000,30,6,DD
PAWAN,03.12.2019,1800,7,56.6,2,1000,30,6,DD
PAWAN,04.12.2019,0,7.2,56.6,2,1000,30,6,DD
PAWAN,04.12.2019,300,7.4,56.6,2,1000,30,6,DD
PAWAN,04.12.2019,600,7.4,56.6,2,1000,30,6,DD
PAWAN,04.12.2019,1200,7.4,56.6,2,1000,30,6,DD
PAWAN,04.12.2019,1800,8.5,56.7,2,1000,30,6,DD
PAWAN,05.12.2019,0,9.2,56.4,2.5,999,35,7,CS
PAWAN,05.12.2019,300,9.2,56.4,2.5,999,35,7,CS
PAWAN,05.12.2019,600,9.5,56.3,2.5,999,35,7,CS
PAWAN,05.12.2019,900,9.5,55.6,2.5,999,35,7,CS
PAWAN,05.12.2019,1200,9.6,55.1,2.5,998,40,8,CS
PAWAN,05.12.2019,1500,9.6,54.9,2.5,999,35,7,CS
PAWAN,05.12.2019,1800,9.3,54.5,2.5,999,35,7,CS
PAWAN,05.12.2019,2100,9,54,2.5,999,35,7,CS
PAWAN,06.12.2019,0,8.5,53.3,2.5,999,35,7,CS
PAWAN,06.12.2019,300,8.3,53,2.5,999,35,7,CS
PAWAN,06.12.2019,600,8,52.6,2.5,999,35,7,CS
PAWAN,06.12.2019,900,7.9,52.6,2.5,999,35,7,CS
PAWAN,06.12.2019,1200,7.9,52.3,2.5,999,35,7,CS
PAWAN,06.12.2019,1500,7.7,51.8,2.5,999,35,7,CS
PAWAN,06.12.2019,1800,7.5,51.3,2.5,999,35,7,CS
PAWAN,06.12.2019,2100,7.5,50.9,2.5,999,35,7,CS
PAWAN,07.12.2019,0,7.4,49.8,2.5,999,35,7,CS
PAWAN,07.12.2019,300,7.4,49.5,2,1000,30,6,DD
PAWAN,07.12.2019,600,7.4,48.9,2,1001,30,5,DD
PAWAN,07.12.2019,900,7.3,48.3,1.5,1003,25,3,D
NISARGA,01.06.2020,0,13,71.4,1.5,1004,25,3,D
NISARGA,01.06.2020,300,13.2,71.4,1.5,1004,25,3,D
NISARGA,01.06.2020,600,13.7,71.3,1.5,1004,25,3,D
NISARGA,01.06.2020,1200,14.2,71.2,1.5,1003,25,4,D
NISARGA,01.06.2020,1800,14.4,71.2,1.5,1003,25,4,D
NISARGA,02.06.2020,0,15,71.2,2,1000,30,6,DD
NISARGA,02.06.2020,300,15.3,71.2,2,1000,30,6,DD
NISARGA,02.06.2020,600,15.6,71.2,2.5,999,35,7,CS
NISARGA,02.06.2020,900,16,71.2,2.5,999,35,7,CS
NISARGA,02.06.2020,1200,16.3,71.3,2.5,996,40,8,CS
NISARGA,02.06.2020,1500,16,71.4,2.5,996,40,8,CS
NISARGA,02.06.2020,1800,16.8,71.6,2.5,996,40,8,CS
NISARGA,02.06.2020,2100,17.1,71.8,3,994,45,10,CS
NISARGA,03.06.2020,0,17.3,72.1,3,992,50,12,SCS
NISARGA,03.06.2020,300,17.6,72.3,3.5,988,55,16,SCS
NISARGA,03.06.2020,600,18.1,72.8,4,984,60,20,SCS
NISARGA,03.06.2020,900,18.5,73.2,.,992,55,14,SCS
NISARGA,03.06.2020,1200,19,73.7,.,998,40,8,CS
NISARGA,03.06.2020,1500,19.6,74,.,1000,30,6,DD
NISARGA,03.06.2020,1800,19.8,74.8,.,1001,30,5,DD
NISARGA,04.06.2020,0,20.5,76,.,1004,25,4,D
NISARGA,04.06.2020,300,21.2,76.9,.,1005,20,3,D
NISARGA,04.06.2020,600,21.8,77.6,.,1005,20,3,D
GATI,21.11.2020,1800,11.2,57.4,1.5,1000,25,4,D
GATI,22.11.2020,0,11.1,55.4,2,998,30,6,DD
GATI,22.11.2020,300,10.7,53.8,2.5,996,40,8,CS
GATI,22.11.2020,600,10.4,52.7,3,992,50,12,SCS
GATI,22.11.2020,900,10.4,52,4,982,65,22,VSCS
GATI,22.11.2020,1200,10.4,51.5,4.5,976,75,26,VSCS
GATI,22.11.2020,1500,10.4,51,.,976,75,26,VSCS
GATI,22.11.2020,1800,10.4,50.5,.,982,65,22,VSCS
GATI,22.11.2020,2100,10.4,50.1,.,986,60,18,SCS
GATI,23.11.2020,0,10.5,50,.,994,45,10,CS
GATI,23.11.2020,300,10.7,49.7,.,997,35,7,CS
GATI,23.11.2020,600,10.9,49.2,.,998,30,6,DD
GATI,23.11.2020,1200,11.3,48.5,2,999,30,5,DD
GATI,23.11.2020,1800,11.7,47.5,2,1000,30,5,DD
GATI,24.11.2020,0,11.6,47,1.5,1001,25,4,D
GATI,24.11.2020,300,11.6,46.8,1.5,1002,20,3,D
TAUKTAE,14.05.2021,300,10.5,72.3,1.5,997,25,3,D
TAUKTAE,14.05.2021,600,11,72.5,1.5,996,25,4,D
TAUKTAE,14.05.2021,900,11.5,72.5,2,995,30,5,D
TAUKTAE,14.05.2021,1200,11.6,72.6,2,995,30,6,DD
TAUKTAE,14.05.2021,1800,12.2,72.6,2.5,993,35,7,CS
TAUKTAE,14.05.2021,2100,12.2,72.6,2.5,992,40,8,CS
TAUKTAE,15.05.2021,0,12.7,72.5,2.5,992,40,8,CS
TAUKTAE,15.05.2021,300,12.8,72.5,2.5,992,40,8,CS
TAUKTAE,15.05.2021,600,13.2,72.6,3,990,45,10,CS
TAUKTAE,15.05.2021,900,13.5,72.7,3,990,45,10,CS
TAUKTAE,15.05.2021,1200,13.8,72.7,3.5,985,55,15,SCS
TAUKTAE,15.05.2021,1500,14.2,72.7,3.5,984,55,16,SCS
TAUKTAE,15.05.2021,1800,14.5,72.6,3.5,982,60,18,SCS
TAUKTAE,15.05.2021,2100,14.7,72.7,3.5,982,60,18,SCS
TAUKTAE,16.05.2021,0,15,72.7,4,979,65,21,VSCS
TAUKTAE,16.05.2021,300,15.3,72.7,4,976,70,24,VSCS
TAUKTAE,16.05.2021,600,15.7,72.7,4,976,70,24,VSCS
TAUKTAE,16.05.2021,900,16.2,72.6,4,976,70,24,VSCS
TAUKTAE,16.05.2021,1200,16.7,72.5,4.5,972,75,28,VSCS
TAUKTAE,16.05.2021,1500,17.2,72.3,4.5,968,80,32,VSCS
TAUKTAE,16.05.2021,1800,17.5,72,4.5,964,85,36,VSCS
TAUKTAE,16.05.2021,2100,18,71.7,5,960,90,40,ESCS
TAUKTAE,17.05.2021,0,18.5,71.5,5.5,950,100,50,ESCS
TAUKTAE,17.05.2021,300,18.8,71.5,5.5,950,100,50,ESCS
TAUKTAE,17.05.2021,600,19.2,71.4,5.5,950,100,50,ESCS
TAUKTAE,17.05.2021,900,19.6,71.4,5.5,950,100,50,ESCS
TAUKTAE,17.05.2021,1200,20.1,71.3,5,955,95,45,ESCS
TAUKTAE,17.05.2021,1500,20.5,71.2,5,960,90,40,ESCS
TAUKTAE,17.05.2021,1800,20.9,71.1,.,964,85,36,VSCS
TAUKTAE,17.05.2021,2100,21.3,71.2,.,972,75,28,VSCS
TAUKTAE,18.05.2021,0,21.5,71.2,.,978,65,22,VSCS
TAUKTAE,18.05.2021,300,21.6,71.3,.,984,55,16,SCS
TAUKTAE,18.05.2021,600,22,71.5,.,990,45,10,CS
TAUKTAE,18.05.2021,900,22.5,71.8,.,992,40,8,CS
TAUKTAE,18.05.2021,1200,23.1,72.3,.,993,35,7,CS
TAUKTAE,18.05.2021,1500,23.6,72.6,.,994,30,6,DD
TAUKTAE,18.05.2021,1800,24.1,73,.,995,30,5,DD
TAUKTAE,19.05.2021,0,24.5,73.3,.,996,25,4,D
TAUKTAE,19.05.2021,300,24.9,73.7,.,997,20,3,D
TAUKTAE,19.05.2021,600,25.8,74.8,.,997,20,3,D
SHAHEEN,30.09.2021,0,22.7,69.5,1.5,998,25,4,D
SHAHEEN,30.09.2021,300,22.7,68.6,1.5,998,25,4,D
SHAHEEN,30.09.2021,600,22.8,68.2,1.5,998,25,4,D
SHAHEEN,30.09.2021,1200,23.1,67.4,1.5,998,25,4,D
SHAHEEN,30.09.2021,1800,23.1,66.8,2,996,30,6,DD
SHAHEEN,01.10.2021,0,23.2,65.5,2.5,995,35,7,CS
SHAHEEN,01.10.2021,300,23.2,64.9,2.5,994,40,8,CS
SHAHEEN,01.10.2021,600,23.2,64.5,3,992,45,10,CS
SHAHEEN,01.10.2021,900,23.3,64.1,3,991,45,11,CS
SHAHEEN,01.10.2021,1200,23.4,63.7,3.5,987,55,15,SCS
SHAHEEN,01.10.2021,1500,23.6,63.4,3.5,986,55,16,SCS
SHAHEEN,01.10.2021,1800,23.6,63.2,3.5,984,60,18,SCS
SHAHEEN,01.10.2021,2100,23.8,62.8,3.5,984,60,18,SCS
SHAHEEN,02.10.2021,0,23.8,62.4,3.5,984,60,18,SCS
SHAHEEN,02.10.2021,300,23.9,62.1,3.5,984,60,18,SCS
SHAHEEN,02.10.2021,600,24.1,61.8,3.5,984,60,18,SCS
SHAHEEN,02.10.2021,900,24.3,61.3,3.5,984,60,18,SCS
SHAHEEN,02.10.2021,1200,24.5,60.7,3.5,984,60,18,SCS
SHAHEEN,02.10.2021,1500,24.5,60.4,3.5,984,60,18,SCS
SHAHEEN,02.10.2021,1800,24.4,60,3.5,984,60,18,SCS
SHAHEEN,02.10.2021,2100,24.4,59.7,3.5,984,60,18,SCS
SHAHEEN,03.10.2021,0,24.3,59.5,3.5,984,60,18,SCS
SHAHEEN,03.10.2021,300,24.2,59,3.5,984,60,18,SCS
SHAHEEN,03.10.2021,600,24.1,58.6,3.5,984,60,18,SCS
SHAHEEN,03.10.2021,900,24.1,58.3,3.5,984,60,18,SCS
SHAHEEN,03.10.2021,1200,24,58,3.5,984,60,18,SCS
SHAHEEN,03.10.2021,1500,24,57.7,3.5,984,60,18,SCS
SHAHEEN,03.10.2021,1800,23.9,57.3,3.5,986,55,16,SCS
SHAHEEN,03.10.2021,2100,23.8,57.2,.,988,55,14,SCS
SHAHEEN,04.10.2021,0,23.7,56.8,.,994,40,8,CS
SHAHEEN,04.10.2021,300,23.5,56.4,.,998,30,5,DD
SHAHEEN,04.10.2021,600,23.3,56,.,1000,20,3,D
BIPARJOY,11.06.2023,0,17.9,67.4,5,960,90,40,ESCS
BIPARJOY,11.06.2023,300,18,67.6,5,958,90,40,ESCS
BIPARJOY,11.06.2023,600,18.2,67.7,5,958,90,40,ESCS
BIPARJOY,11.06.2023,900,18.4,67.7,5,958,90,40,ESCS
BIPARJOY,11.06.2023,1200,18.6,67.7,5,958,90,40,ESCS
BIPARJOY,11.06.2023,1500,18.7,67.7,5,958,90,40,ESCS
BIPARJOY,11.06.2023,1800,18.9,67.7,5,958,90,40,ESCS
BIPARJOY,11.06.2023,2100,19,67.7,5,958,90,40,ESCS
BIPARJOY,12.06.2023,0,19.2,67.7,5,958,90,40,ESCS
BIPARJOY,12.06.2023,300,19.4,67.7,5,958,90,40,ESCS
BIPARJOY,12.06.2023,600,19.6,67.6,5,958,90,40,ESCS
BIPARJOY,12.06.2023,900,19.7,67.5,5,958,90,40,ESCS
BIPARJOY,12.06.2023,1200,19.9,67.3,5,960,90,40,ESCS
BIPARJOY,12.06.2023,1500,20,67.2,5,960,90,40,ESCS
BIPARJOY,12.06.2023,1800,20.1,67.2,4.5,962,85,36,VSCS
BIPARJOY,12.06.2023,2100,20.3,67.2,4.5,962,85,36,VSCS
BIPARJOY,13.06.2023,0,20.6,67,4.5,962,85,36,VSCS
BIPARJOY,13.06.2023,300,20.9,66.9,4.5,962,85,36,VSCS
BIPARJOY,13.06.2023,600,21,66.7,4.5,962,85,36,VSCS
BIPARJOY,13.06.2023,900,21.1,66.5,4.5,962,85,36,VSCS
BIPARJOY,13.06.2023,1200,21.3,66.5,4.5,962,85,36,VSCS
BIPARJOY,13.06.2023,1500,21.4,66.4,4.5,962,85,36,VSCS
BIPARJOY,13.06.2023,1800,21.7,66.3,4.5,962,85,36,VSCS
BIPARJOY,13.06.2023,2100,21.7,66.3,4.5,964,85,36,VSCS
BIPARJOY,14.06.2023,0,21.8,66.3,4.5,966,80,32,VSCS
BIPARJOY,14.06.2023,300,21.8,66.3,4.5,966,80,32,VSCS
BIPARJOY,14.06.2023,600,21.8,66.3,4.5,966,80,32,VSCS
BIPARJOY,14.06.2023,900,21.9,66.5,4.5,966,80,32,VSCS
BIPARJOY,14.06.2023,1200,22,66.7,4.5,970,75,28,VSCS
BIPARJOY,14.06.2023,1500,22.1,66.8,4.5,970,75,28,VSCS
BIPARJOY,14.06.2023,1800,22.2,66.9,4.5,972,75,28,VSCS
BIPARJOY,14.06.2023,2100,22.3,66.9,4.5,972,75,28,VSCS
BIPARJOY,15.06.2023,0,22.4,67,4,974,70,26,VSCS
BIPARJOY,15.06.2023,300,22.6,67.1,4,976,70,24,VSCS
BIPARJOY,15.06.2023,600,22.7,67.3,4,976,65,21,VSCS
BIPARJOY,15.06.2023,900,22.8,67.6,4,976,65,21,VSCS
BIPARJOY,15.06.2023,1200,22.9,68,4,976,65,21,VSCS
BIPARJOY,15.06.2023,1500,23.1,68.3,4,976,65,21,VSCS
BIPARJOY,15.06.2023,1800,23.3,68.6,.,980,60,18,SCS
BIPARJOY,15.06.2023,2100,23.4,68.9,.,982,50,12,SCS
BIPARJOY,16.06.2023,0,23.4,69.2,.,978,50,12,SCS
BIPARJOY,16.06.2023,300,23.5,69.5,.,978,45,10,CS
BIPARJOY,16.06.2023,600,23.7,69.8,.,980,40,8,CS
BIPARJOY,16.06.2023,900,23.9,70,.,984,40,8,CS
BIPARJOY,16.06.2023,1200,24.2,70.3,.,986,35,7,CS
BIPARJOY,16.06.2023,1500,24.5,70.7,.,987,35,6,CS
BIPARJOY,16.06.2023,1800,24.6,70.9,.,988,30,4,DD
BIPARJOY,17.06.2023,0,24.7,71.2,.,988,30,4,DD
BIPARJOY,17.06.2023,300,25,71.5,.,988,30,4,DD
BIPARJOY,17.06.2023,600,25.3,71.9,.,989,30,4,DD
BIPARJOY,17.06.2023,1200,25.6,72.5,.,990,25,3,D
BIPARJOY,17.06.2023,1800,25.8,72.8,.,991,25,3,D
BIPARJOY,18.06.2023,0,26,73.3,.,991,25,3,D
BIPARJOY,18.06.2023,300,26.2,73.8,.,992,25,3,D
BIPARJOY,18.06.2023,600,26.3,74,.,994,25,3,D
BIPARJOY,18.06.2023,1200,26.3,74.7,.,995,20,3,D
BIPARJOY,18.06.2023,1800,26.3,75.2,.,995,20,3,D
BIPARJOY,19.06.2023,0,26.3,76,.,995,20,3,D
TEJ,20.10.2023,300,9.3,61.7,1.5,1004,25,4,D
TEJ,20.10.2023,600,9.3,61.5,1.5,1004,25,4,D
TEJ,20.10.2023,1200,9.4,61.3,2,1003,30,5,DD
TEJ,20.10.2023,1800,9.5,60.7,2,1002,30,6,DD
TEJ,21.10.2023,0,9.9,59.4,2.5,1001,35,7,CS
TEJ,21.10.2023,300,10.1,58.8,3,998,45,10,CS
TEJ,21.10.2023,600,10.3,58.4,3,996,50,12,SCS
TEJ,21.10.2023,900,10.2,57.9,3.5,995,55,13,SCS
TEJ,21.10.2023,1200,10.6,57.4,3.5,992,55,16,SCS
TEJ,21.10.2023,1500,11.1,57,4,988,65,20,VSCS
TEJ,21.10.2023,1800,11.3,56.6,4.5,980,75,28,VSCS
TEJ,21.10.2023,2100,11.7,56.1,4.5,976,80,32,VSCS
TEJ,22.10.2023,0,12,56,4.5,972,85,36,VSCS
TEJ,22.10.2023,300,12.3,55.4,5,964,95,44,ESCS
TEJ,22.10.2023,600,12.6,55.1,5,964,95,44,ESCS
TEJ,22.10.2023,900,12.9,54.7,5,964,95,44,ESCS
TEJ,22.10.2023,1200,13.3,54.4,5,964,95,44,ESCS
TEJ,22.10.2023,1500,13.6,54.1,5,964,95,44,ESCS
TEJ,22.10.2023,1800,13.8,53.9,5,964,95,44,ESCS
TEJ,22.10.2023,2100,14.1,53.6,5,966,95,42,ESCS
TEJ,23.10.2023,0,14.4,53.5,5,968,90,40,ESCS
TEJ,23.10.2023,300,14.7,53.2,4.5,972,85,36,VSCS
TEJ,23.10.2023,600,15,52.9,4.5,976,80,32,VSCS
TEJ,23.10.2023,900,15.1,52.8,4.5,978,80,30,VSCS
TEJ,23.10.2023,1200,15.4,52.7,4,981,75,27,VSCS
TEJ,23.10.2023,1500,15.6,52.5,4,984,70,24,VSCS
TEJ,23.10.2023,1800,15.8,52.3,4,986,70,22,VSCS
TEJ,23.10.2023,2100,15.9,52.2,4,988,65,20,VSCS
TEJ,24.10.2023,0,15.9,52.1,.,990,60,18,SCS
TEJ,24.10.2023,300,16,51.8,.,996,50,12,SCS
TEJ,24.10.2023,600,16.1,51.5,.,1000,40,8,CS
TEJ,24.10.2023,900,16.1,51.3,.,1002,30,6,DD
TEJ,24.10.2023,1200,16.2,51,.,1004,25,4,D
