Cyclone,date,Time (UTC),Lat.,Long.,C.I. NO.,Estimated Central Pressure (hPa),Estimated Maximum Sustained Surface speed (kt),Estimated Pressure drop at the Centre,Grade
B.82.1,01.05.1982,300,14,82.5,1.5,990,25,3,D
B.82.1,01.05.1982,600,14.5,82.6,2,990,30,5,DD
B.82.1,01.05.1982,1200,15,82.7,2.5,990,35,6,CS
B.82.1,01.05.1982,1800,15.5,82.8,2.5,990,40,8,CS
B.82.1,02.05.1982,0,16,82.9,3,990,45,10,CS
B.82.1,02.05.1982,300,16.5,82.1,3,990,45,10.04265027,CS
B.82.1,02.05.1982,600,16.5,82.11,3.5,990,50,12.39833366,SCS
B.82.1,02.05.1982,1200,16.5,82.12,3.5,990,55,15.00198373,SCS
B.82.1,02.05.1982,1800,17,82.13,3.5,990,55,15.00198373,SCS
B.82.1,03.05.1982,0,17,82.14,3.5,990,60,17.85360048,SCS
B.82.1,03.05.1982,300,17,82.15,4,990,65,20.95318389,VSCS
B.82.1,03.05.1982,600,17.5,82.16,4.5,990,80,31.73973418,VSCS
B.82.1,03.05.1982,1200,17.5,82.17,5,990,90,40.17060107,VSCS
B.82.1,03.05.1982,1800,17.5,82.18,5.5,990,105,54.67665146,VSCS
B.82.1,04.05.1982,0,17.5,82.19,6,990,115,65.58718508,VSCS
B.82.1,04.05.1982,300,17.5,82.2,6,990,115,65.58718508,VSCS
B.82.1,04.05.1982,600,17.5,82.21,6,990,115,65.58718508,VSCS
B.82.1,04.05.1982,1200,17.5,82.22,6,990,115,65.58718508,VSCS
B.82.1,04.05.1982,1800,17.3,82.23,.,990,115,65.58718508,VSCS
B.82.2,05.05.1982,300,17.2,82.24,.,990,30,4.463400119,DD
B.82.2,31.05.1982,1200,14.5,82.25,1.5,990,25,3.099583416,D
B.82.2,31.05.1982,1800,19,82.26,2,988,30,4.463400119,DD
B.82.2,01.06.1982,0,15.5,82.27,2.5,986,35,6.075183495,CS
B.82.2,01.06.1982,300,16,82.28,2.5,984,40,7.934933545,CS
B.82.2,01.06.1982,600,16.5,82.29,2.5,984,40,7.934933545,CS
B.82.2,01.06.1982,1200,16.5,82.3,2.5,984,40,7.934933545,CS
B.82.2,01.06.1982,1800,17,82.31,2.5,984,40,7.934933545,CS
B.82.2,02.06.1982,0,19,82.32,2.5,984,40,7.934933545,CS
B.82.2,02.06.1982,300,17.5,82.33,3,982,45,10.04265027,CS
B.82.2,02.06.1982,600,17.5,82.34,3.5,982,45,10.04265027,CS
B.82.2,02.06.1982,1200,18,82.35,3,982,45,10.04265027,SCS
B.82.2,02.06.1982,1800,18.5,82.36,3,979,50,13,SCS
B.82.2,03.06.1982,0,19,82.37,3.5,976,55,16,SCS
B.82.2,03.06.1982,300,19,82.38,4,972,65,22,VSCS
B.82.2,03.06.1982,600,19.5,82.39,4.5,960,80,31.73973418,VSCS
B.82.2,03.06.1982,900,19.5,82.4,5,952,90,40.17060107,VSCS
B.82.2,03.06.1982,1200,20,82.41,5,952,90,40,VSCS
B.82.2,03.06.1982,1800,21,82.42,5,952,90,40.17060107,VSCS
B.82.2,04.06.1982,0,21.5,82.43,4,970,65,22,VSCS
B.82.2,04.06.1982,300,22,82.44,3,982,45,10,CS
B.82.2,04.06.1982,600,22.5,82.45,2.5,986,35,6,CS
B.82.2,04.06.1982,1200,23,82.46,2,988,30,4.463400119,DD
B.82.2,04.06.1982,1800,24,82.47,2,988,30,4.463400119,DD
B.82.2,05.06.1982,0,24.5,82.48,1.5,990,25,3,D
B.82.2,05.06.1982,300,25,82.49,1.5,991,20,3,D
B.84.1,13.10.1984,0,19,88,1.5,972,25,3,D
B.84.1,13.10.1984,300,19.5,87.5,1.5,960,25,3,D
B.84.1,13.10.1984,1200,20.5,87.5,4,952,65,21,SCS
B.84.1,14.10.1984,300,20.7,86.8,.,952,55,15,SCS
B.84.1,14.10.1984,1200,21.5,86,.,952,35,8,CS
B.84.1,15.10.1984,300,22.5,85,1.5,970,25,4,D
B.84.1,15.10.1984,1200,23.5,84.5,.,982,20,3,D
B.84.1,09.11.1984,1200,9.5,87.5,1.5,986,25,3,D
B.84.1,10.11.1984,300,9.5,87.5,2,988,30,5,DD
B.84.1,10.11.1984,1200,10,86,2,988,30,5,DD
B.84.1,10.11.1984,1800,10,84,2,990,30,5,DD
B.84.1,11.11.1984,300,10.5,82.5,2,991,30,5,DD
B.84.1,11.11.1984,600,10.8,82,2.5,992,35,6,DD
B.84.1,11.11.1984,1200,11,81.5,2.5,993,40,8,CS
B.84.1,12.11.1984,300,12,80.5,3.5,994,55,15,SCS
B.84.1,12.11.1984,1200,12.5,80.5,5,995,90,40,SCS
B.84.1,13.11.1984,300,13.5,80.5,5,996,90,40,SCS
B.84.1,13.11.1984,1200,13.5,80.3,5.5,997,102,52,SCS
B.84.1,13.11.1984,1800,13.5,80,6,998,115,66,SCS
B.84.1,14.11.1984,300,13.5,80,6,999,115,66,SCS
B.84.2,27.11.1984,1200,8.5,85.5,1.5,990,25,3,D
B.84.2,28.11.1984,300,9,85,1.5,988,25,3,D
B.84.2,28.11.1984,1200,9.5,84.5,2,986,30,4,DD
B.84.2,28.11.1984,1500,9.5,84.5,2.5,984,35,6,DD
B.84.2,29.11.1984,900,9.5,84.5,3,984,45,10,CS
B.84.2,30.11.1984,0,9.5,84.5,3.5,984,55,15,CS
B.84.2,30.11.1984,300,9.5,84.5,6,984,115,66,SCS
B.84.2,01.12.1984,300,10.8,80.5,6,984,115,66,SCS
B.84.2,01.12.1984,1200,11,79,3.5,982,55,15,CS
B.84.2,01.12.1984,1800,11.5,77.5,2,982,30,4,DD
B.84.2,02.12.1984,300,11.5,74,1.5,982,25,3,D
B.87.1,30.01.1987,300,5.5,88.5,1.5,999,25,3,D
B.87.1,30.01.1987,1200,6,88.5,1.5,998,25,4,D
B.87.1,31.01.1987,0,6.5,87.5,2,996,30,5,DD
B.87.1,31.01.1987,300,7,87,2,994,30,6,DD
B.87.1,31.01.1987,600,7,86.5,2.5,992,35,8,CS
B.87.1,31.01.1987,1200,7.5,86,3,988,45,12,CS
B.87.1,01.02.1987,0,8,85.5,3.5,986,50,14,SCS
B.87.1,01.02.1987,300,8,85.5,3.5,984,55,16,SCS
B.87.1,01.02.1987,600,8.5,85.5,4,978,65,22,VSCS
B.87.1,01.02.1987,1200,10,86,4,974,70,30,VSCS
B.87.1,02.02.1987,0,12.5,87,4,970,75,30,VSCS
B.87.1,02.02.1987,3000,13,87.5,4,970,75,30,VSCS
B.87.1,02.02.1987,600,13.5,88,4,970,75,30,VSCS
B.87.1,02.02.1987,1200,14.5,88.5,4,974,70,26,VSCS
B.87.1,02.02.1987,1800,15,89,3.5,980,60,20,SCS
B.87.1,03.02.1987,0,15.5,89.5,3,986,50,14,SCS
B.87.1,03.02.1987,300,16,89.5,2.5,992,40,8,CS
B.87.1,03.02.1987,1200,17,90,2,994,30,6,DD
B.87.1,04.02.1987,0,19,90.5,2,996,30,5,DD
B.87.1,04.02.1987,300,19.5,91,1.5,997,25,4,D
B.87.1,04.02.1987,600,20,91,1.5,998,25,3,D
B.87.1,04.02.1987,1200,21,91,1.5,998,25,3,D
B.87.2,31.10.1987,300,11.5,86.5,1.5,997,25,3,D
B.87.2,31.10.1987,600,12,86,2,995,30,5,DD
B.87.2,31.10.1987,1200,12.5,85.5,2.5,993,35,7,CS
B.87.2,31.10.1987,1800,13,85.5,2.5,993,35,7,CS
B.87.2,01.11.1987,0,13.5,85,2.5,992,40,8,CS
B.87.2,01.11.1987,300,13.5,85,2.5,990,40,10,CS
B.87.2,01.11.1987,1200,13.5,84,3,988,45,12,CS
B.87.2,01.11.1987,1800,13.5,83.5,3.5,988,45,12,CS
B.87.2,02.11.1987,0,13.5,82.5,3.5,986,50,14,SCS
B.87.2,02.11.1987,300,13.5,82,3.5,984,55,16,SCS
B.87.2,02.11.1987,600,14,81.5,3.5,984,55,16,SCS
B.87.2,02.11.1987,1200,14.5,81,3.5,984,55,16,SCS
B.87.2,02.11.1987,1800,14.5,80.5,3.5,984,55,16,SCS
B.87.2,03.11.1987,0,14.5,79.5,.,986,50,14,SCS
B.87.2,03.11.1987,300,14.5,79,.,988,45,12,CS
B.87.2,03.11.1987,600,15,78.5,.,992,35,8,CS
B.87.2,03.11.1987,1200,15.5,78,.,996,25,4,D
B.88.1,23.11.1988,1200,9,94,1.5,998,25,3.1,D
B.88.1,24.11.1988,300,10,94,1.5,997,25,3.1,D
B.88.1,24.11.1988,1200,11,93.5,2,995,30,4.46,DD
B.88.1,25.11.1988,300,11.5,92,4,993,55,15,CS
B.88.1,25.11.1988,600,11.5,92,5.5,993,110,60.01,SCS
B.88.1,25.11.1988,1200,11.5,90.5,5.5,992,110,60.01,SCS
B.88.1,26.11.1988,600,11.5,90.5,5.5,990,110,60.01,SCS
B.88.1,26.11.1988,1200,12.5,88,5.5,988,110,60.01,SCS
B.88.1,27.11.1988,300,13.5,87.5,5.5,988,110,60.01,SCS
B.88.1,28.11.1988,300,19,85.8,5.5,986,110,60.01,SCS
B.88.1,28.11.1988,900,19.3,86.2,5.5,984,110,60.01,SCS
B.88.1,29.11.1988,530,19.3,86.2,5,984,102,51.6,SCS
B.88.1,29.11.1988,300,19.5,88,6,984,115,65.59,SCS
B.88.1,29.11.1988,2000,19.5,88,6,984,115,65.59,SCS
B.88.1,29.11.1988,2000,19.5,88,6,986,115,65.59,SCS
B.90.1,04.05.1990,600,8.5,87,1.5,1002,25,4,D
B.90.1,04.05.1990,1200,9.5,87,1.5,1000,25,4,D
B.90.1,04.05.1990,1800,9.5,86,1.5,1002,25,4,D
B.90.1,05.05.1990,0,10,85.5,2,998,30,6,DD
B.90.1,05.05.1990,600,10,85,2.5,999,35,7,CS
B.90.1,05.05.1990,1200,10.1,84.7,3,994,45,10,CS
B.90.1,05.05.1990,1800,10.3,83.9,3.5,991,55,15,SCS
B.90.1,06.05.1990,0,10.3,83.3,3.5,991,55,15,SCS
B.90.1,06.05.1990,600,10,83.2,4.5,976,77,29.4,VSCS
B.90.1,06.05.1990,1200,10.2,82.9,4.5,976,77,29.4,VSCS
B.90.1,06.05.1990,1800,10.3,82.5,4.5,976,77,29.4,VSCS
B.90.1,07.05.1990,0,11.3,82.3,5,964,90,40.2,ESCS
B.90.1,07.05.1990,600,11.3,81.8,6,940,115,65.6,ESCS
B.90.1,07.05.1990,1200,11.4,81.7,6,938,115,65.6,ESCS
B.90.1,07.05.1990,1800,14.5,80.8,5.5,950,102,51.6,ESCS
B.90.1,08.05.1990,0,13.3,81.8,6.5,924,127,80,SUCS
B.90.1,08.05.1990,600,13.6,81.4,6.5,924,127,80,SUCS
B.90.1,08.05.1990,1200,13.9,81.1,6.5,920,127,80,SUCS
B.90.1,08.05.1990,1800,14.5,80.8,5.5,950,102,51.6,ESCS
B.90.1,09.05.1990,0,15.1,81,5,960,90,40.2,ESCS
B.90.1,09.05.1990,600,15.4,80.9,5,960,90,40.2,ESCS
B.90.1,09.05.1990,1200,15.9,81,5,956,90,40.2,ESCS
B.90.1,09.05.1990,1800,16,80.5,5,956,65,40.2,VSCS
B.90.1,10.05.1990,0,16.5,80,5,956,40,40.2,VSCS
B.90.1,10.05.1990,600,16.5,79.5,5,956,27,40.2,SCS
B.90.1,10.05.1990,1200,17,79,5,956,16,40.2,D
B.91.1,24.04.1991,1200,9.5,89,1.5,1002,25,4,D
B.91.1,24.04.1991,1800,10,89,1.5,1002,25,4,D
B.91.1,25.04.1991,0,10.5,89,1.5,1002,25,4,D
B.91.1,25.04.1991,600,11,88.5,2,1000,30,6,DD
B.91.1,25.04.1991,1200,11,88,2.5,996,35,8,CS
B.91.1,25.04.1991,1800,11,88,2.5,998,35,8,CS
B.91.1,26.04.1991,0,11,87.5,3,994,45,10,CS
B.91.1,26.04.1991,600,11,87.5,3.5,991,55,15,SCS
B.91.1,26.04.1991,1200,11.5,87.5,3.5,987,55,15,SCS
B.91.1,26.04.1991,1800,11.5,87,3.5,991,55,15,SCS
B.91.1,27.04.1991,0,12,87,3.5,989,55,15,SCS
B.91.1,27.04.1991,600,13.5,87,4.5,974,77,29.4,VSCS
B.91.1,27.04.1991,1200,14.5,87,4.5,972,77,29.4,VSCS
B.91.1,27.04.1991,1800,14.5,87,4.5,974,77,29.4,VSCS
B.91.1,28.04.1991,0,15,87.2,4.5,972,77,29.4,VSCS
B.91.1,28.04.1991,600,16,87.8,5.5,952,102,51.6,ESCS
B.91.1,28.04.1991,1200,16.5,88,5.5,950,102,51.6,ESCS
B.91.1,28.04.1991,1800,17.5,88.5,6,934,115,65.6,ESCS
B.91.1,29.04.1991,0,18.5,89,6.5,920,127,80,SUCS
B.91.1,29.04.1991,600,20,90,6.5,922,127,80,SUCS
B.91.1,29.04.1991,1200,20.5,90.5,6.5,918,127,80,SUCS
B.91.1,29.04.1991,1800,22,91.5,6.5,920,127,80,SUCS
B.91.1,30.04.1991,0,23.7,92.7,6.5,994,30,6,DD
B.92.1,11.11.1992,600,7.5,85.5,2,1002,30,6,DD
B.92.1,11.11.1992,1200,7.5,84.5,3,998,45,10,CS
B.92.1,11.11.1992,1800,7.5,83.5,3,998,45,10,CS
B.92.1,12.11.1992,0,7,82.5,3,996,45,12,CS
B.92.1,12.11.1992,600,7,81.5,2.5,1002,35,8,CS
B.92.1,12.11.1992,1200,7.5,80,2.5,1000,35,8,CS
B.92.1,12.11.1992,1800,7.5,79.5,2.5,998,35,8,CS
B.92.1,13.11.1992,0,7.5,79,2.5,1000,35,8,CS
B.92.1,13.11.1992,600,8,78.5,3.5,994,55,16,SCS
B.92.1,13.11.1992,1200,9,77.5,.,996,45,10,CS
B.92.1,13.11.1992,1800,9.5,77.5,.,1000,30,6,DD
B.92.1,14.11.1992,0,9.8,77,.,1000,30,6,DD
B.92.1,14.11.1992,600,10.5,76.5,1.5,1002,25,4,D
B.92.1,14.11.1992,1200,10.5,76,1.5,1002,25,4,D
B.92.1,14.11.1992,1800,10.5,75.5,1.5,1004,25,4,D
B.92.1,15.11.1992,0,10.5,75,1.5,1002,25,4,D
B.92.1,15.11.1992,600,11,74.5,2,1000,30,6,DD
B.92.1,15.11.1992,1200,11.5,74.5,2,1000,30,6,DD
B.92.1,15.11.1992,1800,12,74.5,.,1002,30,6,DD
B.92.1,16.11.1992,0,12.5,74.5,.,1000,30,6,DD
B.92.1,16.11.1992,600,12.5,74.5,.,1002,30,6,DD
B.92.1,16.11.1992,1200,13.5,74.5,.,1000,30,6,DD
B.92.1,16.11.1992,1800,13.5,74.5,.,1002,30,6,DD
B.92.1,17.11.1992,0,14,74.5,.,1000,30,6,DD
B.92.1,17.11.1992,600,14.5,74.5,.,1002,25,4,D
B.92.2,16.11.1992,600,9.5,95.5,1.5,1004,25,4,D
B.92.2,16.11.1992,1200,9.5,94.5,1.5,1002,25,4,D
B.92.2,16.11.1992,1800,9.5,93.5,2,1000,30,6,DD
B.92.2,17.11.1992,0,9.5,92,2.5,1000,35,8,CS
B.92.2,17.11.1992,600,9.5,90.5,3,996,45,10,CS
B.92.2,17.11.1992,1200,10,90,3.5,990,55,16,SCS
B.92.2,17.11.1992,1800,10.5,89.5,4,986,65,22,VSCS
B.92.2,18.11.1992,0,11,88.5,4.5,978,77,30,VSCS
B.92.2,18.11.1992,600,12,87.8,4.5,976,77,30,VSCS
B.92.2,18.11.1992,1200,13.5,87.5,4.5,974,77,30,VSCS
B.92.2,18.11.1992,1800,14.5,87.5,4.5,974,77,30,VSCS
B.92.2,19.11.1992,0,16,87.5,5,966,90,40,ESCS
B.92.2,19.11.1992,600,16.5,87.5,5.5,952,102,52,ESCS
B.92.2,19.11.1992,1200,17.5,88.5,5.5,952,102,52,ESCS
B.92.2,19.11.1992,1800,18,88.5,5.5,954,102,52,ESCS
B.92.2,20.11.1992,0,18.5,89,5.5,954,102,52,ESCS
B.92.2,20.11.1992,600,19,89.5,5.5,956,102,52,ESCS
B.92.2,20.11.1992,1200,19.5,90,5,968,90,40,ESCS
B.92.2,20.11.1992,1800,19.5,91,5,972,90,40,ESCS
B.92.2,21.11.1992,0,20,91.5,5,972,90,40,ESCS
B.92.2,21.11.1992,600,20,92.5,3,1000,45,10,CS
B.92.2,21.11.1992,1200,20.5,93.5,3,1000,35,8,CS
B.93.1,01.12.1993,600,7,91,1.5,1002,25,4,D
B.93.1,01.12.1993,1200,8,89,2,1000,30,6,DD
B.93.1,01.12.1993,1800,8,88,2,1002,30,6,DD
B.93.1,02.12.1993,0,8,87.5,2,1002,30,6,DD
B.93.1,02.12.1993,300,8,87,2,1000,30,6,DD
B.93.1,02.12.1993,600,8.5,86.5,2.5,1002,30,6,DD
B.93.1,02.12.1993,1200,9,85.5,3,996,45,10,CS
B.93.1,02.12.1993,1800,9,85,3,996,45,10,CS
B.93.1,03.12.1993,0,9.5,84.5,3,994,45,10,CS
B.93.1,03.12.1993,300,9.5,83.5,3.5,988,55,16,SCS
B.93.1,03.12.1993,600,9.5,83,3.5,988,55,16,SCS
B.93.1,03.12.1993,1200,10,82,4,982,65,22,VSCS
B.93.1,03.12.1993,1800,10.5,81.5,4,982,65,22,VSCS
B.93.1,04.12.1993,0,10.8,80.8,4.5,976,77,30,VSCS
B.93.1,04.12.1993,300,11,80,4.5,976,77,30,VSCS
B.93.1,04.12.1993,600,11.5,79,5,968,90,40,ESCS
B.93.1,04.12.1993,1200,12,78.5,5,998,30,6,DD
B.94.1,29.04.1994,0,8.5,92,1.5,1002,25,4,D
B.94.1,29.04.1994,300,9,91.5,2,1001,30,5,DD
B.94.1,29.04.1994,600,9.3,91.3,2,1001,30,5,DD
B.94.1,29.04.1994,1200,10,91,2.5,998,35,8,CS
B.94.1,29.04.1994,1800,10.4,90.7,3,994,45,10,CS
B.94.1,30.04.1994,0,10.8,90.6,3,994,45,10,CS
B.94.1,30.04.1994,300,11,90.5,3,994,45,10,CS
B.94.1,30.04.1994,600,11.5,90.4,3,994,45,10,CS
B.94.1,30.04.1994,1200,12,90.5,3.5,988,55,16,SCS
B.94.1,30.04.1994,1800,13,90.2,3.5,988,55,16,SCS
B.94.1,01.05.1994,0,13.5,90.1,3.5,986,60,18,VSCS
B.94.1,01.05.1994,300,14,90,3.5,986,60,18,VSCS
B.94.1,01.05.1994,600,15,90.1,3.5,986,60,18,VSCS
B.94.1,01.05.1994,1200,16,90.4,4.5,972,77,32,VSCS
B.94.1,01.05.1994,1800,17,90.5,5,962,90,42,ESCS
B.94.1,02.05.1994,0,18.5,91.2,5.5,952,102,52,ESCS
B.94.1,02.05.1994,300,19,91.4,5.5,952,102,54,ESCS
B.94.1,02.05.1994,600,19.5,91.5,5.5,948,102,58,ESCS
B.94.1,02.05.1994,1200,20.6,92,6,940,115,66,ESCS
B.95.1,21.11.1995,1200,6.5,91,1.5,1002,25,4,D
B.95.1,21.11.1995,1800,7,90.5,1.5,1002,25,4,D
B.95.1,22.11.1995,0,7.5,90,1.5,1002,25,4,D
B.95.1,22.11.1995,300,7.5,90,2,1000,30,6,DD
B.95.1,22.11.1995,600,8,89,2,1000,30,6,DD
B.95.1,22.11.1995,1200,8.5,88.5,2.5,998,35,8,CS
B.95.1,22.11.1995,1800,9.5,87.5,3,994,45,12,CS
B.95.1,23.11.1995,0,10,86.5,3,994,45,12,CS
B.95.1,23.11.1995,300,10,86,3.5,990,55,16,SCS
B.95.1,23.11.1995,600,10.5,85.5,3.5,990,55,16,SCS
B.95.1,23.11.1995,1200,11,85,3.5,988,55,18,SCS
B.95.1,23.11.1995,1800,12,85,4,984,65,22,VSCS
B.95.1,24.11.1995,0,13.5,85,4.5,976,77,30,VSCS
B.95.1,24.11.1995,300,14.5,85,5,964,90,42,ESCS
B.95.1,24.11.1995,600,15,85,5,960,90,46,ESCS
B.95.1,24.11.1995,1200,16.5,86.5,5.5,956,102,5.2,ESCS
B.95.1,24.11.1995,1800,18,88.8,5,962,90,46,ESCS
B.95.1,25.11.1995,0,19,89,4.5,970,77,36,VSCS
B.95.1,25.11.1995,300,20,90.5,4.5,972,77,34,VSCS
B.95.1,25.11.1995,600,21,92,4,978,65,28,SCS
B.96.1,28.11.1996,300,11.5,86.5,1.5,1004,25,.,D
B.96.1,28.11.1996,600,12,86,1.5,1004,25,5,D
B.96.1,28.11.1996,1200,12.5,85.5,1.5,1004,25,5,D
B.96.1,28.11.1996,1800,13,85.5,1.5,1004,25,5,D
B.96.1,29.11.1996,0,13,85.5,1.5,1004,25,5,D
B.96.1,29.11.1996,300,12.5,85,2,1002,30,5,DD
B.96.1,29.11.1996,600,13,85.5,2,1002,30,5,DD
B.96.1,29.11.1996,1200,13.5,86,2,1002,30,5,DD
B.96.1,29.11.1996,1800,14,87,2,1002,30,5,DD
B.96.1,30.11.1996,0,14.5,87.5,2,1002,30,5,DD
B.96.1,30.11.1996,300,14.5,87.5,2,1002,30,5,DD
B.96.1,30.11.1996,600,15,88,2,1002,30,5,DD
B.96.1,30.11.1996,1200,15.5,88.5,1.5,1004,25,5,D
B.96.1,30.11.1996,1800,15,89,1.5,1004,25,5,D
B.96.1,01.12.1996,0,14.5,89,1.5,1004,25,5,D
B.96.1,01.12.1996,300,14.5,89,1.5,1004,25,5,D
B.96.1,01.12.1996,600,14.5,88.5,1.5,1004,25,5,D
B.96.1,01.12.1996,1200,14.5,88.5,2,1002,30,5,DD
B.96.1,01.12.1996,1800,14.5,88,2,1002,30,5,DD
B.96.1,02.12.1996,0,14,87,2.5,996,35,5,CS
B.96.1,02.12.1996,300,14,87,2.5,996,35,5,CS
B.96.1,02.12.1996,600,14,87,2.5,994,35,5,CS
B.96.1,02.12.1996,1200,14,86,2.5,994,35,5,CS
B.96.1,02.12.1996,1800,14,85.5,2.5,994,35,5,CS
B.96.1,03.12.1996,0,14,85,3,994,45,5,CS
B.96.1,03.12.1996,300,14,84.5,3.5,992,55,5,SCS
B.96.1,03.12.1996,600,14.3,84,3.5,992,55,5,SCS
B.96.1,03.12.1996,1200,14.5,83.5,4,988,65,5,VSCS
B.96.1,03.12.1996,1800,14.7,83,4,986,65,5,VSCS
B.96.1,04.12.1996,0,14.7,83,4,986,65,5,VSCS
B.96.1,04.12.1996,300,14.8,82.2,4,986,65,5,VSCS
B.96.1,04.12.1996,600,15.1,82,4,986,65,5,VSCS
B.96.1,04.12.1996,1200,15.3,81.4,4,984,65,5,VSCS
B.96.1,04.12.1996,1800,15.5,81.4,4,990,65,5,VSCS
B.96.1,05.12.1996,0,15,81.3,3.5,992,55,5,SCS
B.96.1,05.12.1996,300,14.5,82,3.5,994,55,5,SCS
B.96.1,05.12.1996,600,14.5,81.7,3,994,45,5,CS
B.96.1,05.12.1996,1200,14.3,81.7,3,994,45,5,CS
B.96.1,05.12.1996,1800,14,81.5,3,994,45,5,CS
B.96.1,06.12.1996,0,13.7,81.2,3,994,45,5,CS
B.96.1,06.12.1996,300,13.7,81.1,3,994,45,5,CS
B.96.1,06.12.1996,600,13.5,80.7,3,994,45,5,CS
B.96.1,06.12.1996,1200,13.2,80.5,3,994,45,5,CS
B.97.1,15.05.1997,600,6.5,90.5,1.5,1000,25,4,D
B.97.1,15.05.1997,900,7,90.5,1.5,1000,25,4,D
B.97.1,15.05.1997,1200,7.5,90.5,2,1000,30,4,DD
B.97.1,15.05.1997,1800,8,90.5,2,1002,30,5,DD
B.97.1,16.05.1997,0,8.5,90.5,2,1002,30,6,DD
B.97.1,16.05.1997,300,9,90.5,2.5,1001,35,7,CS
B.97.1,16.05.1997,600,9.2,90.5,2.5,1001,35,7,CS
B.97.1,16.05.1997,900,9.5,90.5,2.5,1001,35,7,CS
B.97.1,16.05.1997,1200,10,91,2.5,999,35,7,CS
B.97.1,16.05.1997,1800,10.5,91.3,2.5,999,35,7,CS
B.97.1,17.05.1997,0,11,91.4,2.5,998,35,8,CS
B.97.1,17.05.1997,300,12,91.5,2.5,998,35,8,CS
B.97.1,17.05.1997,600,13,91.5,3,992,45,12,CS
B.97.1,17.05.1997,900,13.5,91.5,3.5,986,55,16,SCS
B.97.1,17.05.1997,1200,14,91,3.5,986,55,16,SCS
B.97.1,17.05.1997,1800,15,91,3.5,986,55,16,SCS
B.97.1,18.05.1997,0,16,91,3.5,986,55,16,SCS
B.97.1,18.05.1997,300,16.5,90.5,4,980,65,22,VSCS
B.97.1,18.05.1997,600,17,90.5,4,980,65,22,VSCS
B.97.1,18.05.1997,900,17.5,90.5,4,980,65,22,VSCS
B.97.1,18.05.1997,1200,18,90.5,4,980,65,22,VSCS
B.97.1,18.05.1997,1800,19.3,90.3,4.5,974,77,30,VSCS
B.97.1,19.05.1997,0,20,90.8,5,968,90,42,ESCS
B.97.1,19.05.1997,300,20.3,91.2,5,964,90,42,ESCS
B.97.1,19.05.1997,600,20.3,91.3,5,964,90,42,ESCS
B.97.1,19.05.1997,900,21.6,91.5,5,964,90,42,ESCS
B.97.1,19.05.1997,1200,22.1,91.8,5,964,90,42,ESCS
B.99.1,15.10.1999,300,13.5,92.5,1.5,1004,20,4,D
B.99.1,15.10.1999,600,14,91.5,1.5,1002,20,4,D
B.99.1,15.10.1999,1200,15,90,1.5,1002,20,4,D
B.99.1,15.10.1999,1800,15.2,89.5,1.5,1002,20,4,D
B.99.1,15.10.1999,2100,15.3,89,2,1000,30,6,DD
B.99.1,16.10.1999,0,15.5,88.5,2,1000,30,8,DD
B.99.1,16.10.1999,300,16,88.5,2.5,998,35,10,CS
B.99.1,16.10.1999,600,16.5,88,2.5,998,35,10,CS
B.99.1,16.10.1999,900,17,87.5,3,996,45,12,CS
B.99.1,16.10.1999,1200,17.5,86.5,3,994,45,12,CS
B.99.1,16.10.1999,1500,17.6,86,3.5,992,55,16,SCS
B.99.1,16.10.1999,1800,17.6,86,3.5,992,55,16,SCS
B.99.1,16.10.1999,2100,17.7,86,3.5,992,55,16,SCS
B.99.1,17.10.1999,0,17.7,86,4,988,65,20,VSCS
B.99.1,17.10.1999,300,18,85.5,4.5,978,80,30,VSCS
B.99.1,17.10.1999,600,18,85,4.5,978,80,30,VSCS
B.99.1,17.10.1999,900,18.5,85,4.5,978,80,30,VSCS
B.99.1,17.10.1999,1200,19,85,4.5,978,80,30,VSCS
B.99.1,17.10.1999,1500,19,85,4.5,978,80,30,VSCS
B.99.1,17.10.1999,1800,19.2,85,5,968,90,40,ESCS
B.99.1,18.10.1999,0,19.5,85,5,968,90,40,VSCS
B.99.1,18.10.1999,300,20.5,85,5,968,90,40,SCS
B.99.1,18.10.1999,600,20.5,85,5,968,90,40,SCS
B.99.1,18.10.1999,900,20.5,85,5,968,90,40,CS
B.99.1,18.10.1999,1200,21.5,86.5,5,968,90,40,CS
B.99.1,18.10.1999,1500,21,86.5,5,968,90,40,DD
B.99.1,18.10.1999,1800,22.5,86.5,5,968,90,40,DD
B.99.1,18.10.1999,2100,23,86.5,5,968,90,40,DD
B.99.1,19.10.1999,0,23,86.5,5,968,90,40,D
B.99.1,19.10.1999,300,23.5,86.5,5,968,90,40,D
B.00.1,26.11.2000,300,8.5,91.5,1.5,1004,25,4,D
B.00.1,26.11.2000,600,9.5,90.5,1.5,1004,25,4,D
B.00.1,26.11.2000,900,9.5,91,1.5,1004,25,4,D
B.00.1,26.11.2000,1200,10,89.5,1.5,1004,25,4,D
B.00.1,26.11.2000,1500,10,90,2,1004,30,6,DD
B.00.1,26.11.2000,1800,10,90,2,1002,30,6,DD
B.00.1,27.11.2000,0,10.5,88,2,1002,30,6,DD
B.00.1,27.11.2000,300,11,87.5,2,1004,30,6,DD
B.00.1,27.11.2000,600,11,87,2,1002,30,8,DD
B.00.1,27.11.2000,900,11,86.5,2.5,998,35,10,CS
B.00.1,27.11.2000,1200,11,86,3,998,45,10,CS
B.00.1,27.11.2000,1500,11,85.5,3,998,45,10,CS
B.00.1,27.11.2000,1800,11,85,3,998,45,10,CS
B.00.1,27.11.2000,2100,11,84.5,3,998,45,10,CS
B.00.1,28.11.2000,0,11.5,84,3.5,992,55,15,SCS
B.00.1,28.11.2000,300,11.5,83.5,3.5,992,55,15,SCS
B.00.1,28.11.2000,600,11.5,83,4,986,65,20,VSCS
B.00.1,28.11.2000,900,11.5,82.5,4,986,65,20,VSCS
B.00.1,28.11.2000,1200,11.5,82,4.5,978,77,30,VSCS
B.00.1,28.11.2000,1500,11.5,81.8,5,968,90,40,ESCS
B.00.1,28.11.2000,1800,11.5,81.5,5.5,958,102,52,ESCS
B.00.1,28.11.2000,2100,11.5,81.2,5.5,958,102,52,ESCS
B.00.1,29.11.2000,0,11.5,81,5,968,90,40,ESCS
B.00.1,29.11.2000,300,11.5,80.5,5,966,90,40,ESCS
B.00.1,29.11.2000,600,11.5,80.5,4.5,976,77,30,VSCS
B.00.1,29.11.2000,900,11.5,80,4.5,976,77,30,VSCS
B.00.1,29.11.2000,1200,11.5,80,4.5,998,55,10,SCS
B.00.1,29.11.2000,1800,11,78.5,4.5,998,45,10,CS
B.00.1,30.11.2000,300,11.5,78,4.5,1002,30,4,DD
B.00.1,30.11.2000,600,11.5,77,4.5,1004,25,2,D
B.00.2,23.12.2000,300,8,86,1.5,1006,25,4,D
B.00.2,23.12.2000,600,8,86,1.5,1006,25,4,D
B.00.2,23.12.2000,1200,8,85,1.5,1006,25,4,D
B.00.2,23.12.2000,1800,8,84.5,1.5,1006,25,4,D
B.00.2,24.12.2000,0,8,84,2,1004,30,6,DD
B.00.2,24.12.2000,300,8.5,84,2,1004,30,6,DD
B.00.2,24.12.2000,600,8.5,84,2,1004,30,6,DD
B.00.2,24.12.2000,1200,8.5,83.5,2,1004,30,6,DD
B.00.2,24.12.2000,1800,8.5,83.5,2,1004,30,6,DD
B.00.2,25.12.2000,0,8.5,83,2.5,1004,30,6,DD
B.00.2,25.12.2000,300,8.5,83,2.5,1004,35,6,CS
B.00.2,25.12.2000,600,8.5,83,3,1000,45,10,CS
B.00.2,25.12.2000,1200,8.5,83,3.5,994,55,16,SCS
B.00.2,25.12.2000,1800,8.5,83,4,990,65,20,VSCS
B.00.2,26.12.2000,0,8.5,82.5,4,990,65,20,VSCS
B.00.2,26.12.2000,300,8.5,82.5,4,990,65,20,VSCS
B.00.2,26.12.2000,600,8.5,82,4.5,982,77,30,VSCS
B.00.2,26.12.2000,900,8.5,81.5,4.5,982,77,28,VSCS
B.00.2,26.12.2000,1200,8.5,81,5,970,90,40,ESCS
B.00.2,26.12.2000,1500,8.5,81,5,970,90,40,ESCS
B.00.2,26.12.2000,1800,8.5,81,4.5,982,77,30,VSCS
B.00.2,26.12.2000,2100,8.5,81,4.5,982,77,28,VSCS
B.00.2,27.12.2000,0,8.5,81,4.5,984,77,28,VSCS
B.00.2,27.12.2000,300,8.5,80,4,986,77,24,VSCS
B.00.2,27.12.2000,600,8.5,79.5,4,986,77,24,VSCS
B.00.2,27.12.2000,900,8.5,79,4,988,77,22,VSCS
B.00.2,27.12.2000,1200,8.5,78.5,3.5,990,65,20,SCS
B.00.2,27.12.2000,1500,8.5,78.5,3.5,996,55,16,SCS
B.00.2,27.12.2000,1800,8.5,78.5,3.5,998,55,14,SCS
B.00.2,27.12.2000,2100,8.5,78,3,1002,55,10,CS
B.00.2,28.12.2000,0,8.5,77.5,2.5,1004,35,8,CS
B.00.2,28.12.2000,300,8.5,77.5,2.5,1004,35,8,CS
B.00.2,28.12.2000,600,8.5,77,2,1004,30,6,DD
B.00.2,28.12.2000,1200,9,76.5,1.5,1006,25,4,D
B.03.1,10.05.2003,300,6,90.5,1.5,1002,25,4,D
B.03.1,10.05.2003,600,6,90.5,1.5,1002,25,4,D
B.03.1,10.05.2003,900,7,90.5,1.5,1002,25,4,D
B.03.1,10.05.2003,1200,8,89.5,2,1002,30,4,DD
B.03.1,10.05.2003,1500,8,89.5,2,1000,30,4,DD
B.03.1,10.05.2003,1800,8.5,89,2,1000,30,4,DD
B.03.1,10.05.2003,2100,8.5,89,2,1000,30,4,DD
B.03.1,11.05.2003,0,9,88.5,2.5,1000,35,6,CS
B.03.1,11.05.2003,300,9.5,87.5,2.5,998,35,6,CS
B.03.1,11.05.2003,600,10,87,2.5,998,35,6,CS
B.03.1,11.05.2003,900,10,87,3,998,45,10,CS
B.03.1,11.05.2003,1200,10.5,86.5,3.5,990,55,14,SCS
B.03.1,11.05.2003,1500,10.5,86.5,3.5,990,55,14,SCS
B.03.1,11.05.2003,1800,11,86,3.5,990,55,14,SCS
B.03.1,11.05.2003,2100,11,86,3.5,986,55,16,SCS
B.03.1,12.05.2003,0,11,86,3.5,986,55,16,SCS
B.03.1,12.05.2003,300,11,86,3.5,986,55,16,SCS
B.03.1,12.05.2003,600,11,86,3.5,986,55,16,SCS
B.03.1,12.05.2003,900,11,86,3.5,986,55,16,SCS
B.03.1,12.05.2003,1200,11.5,85.5,3.5,986,55,16,SCS
B.03.1,12.05.2003,1500,11.5,85.5,3.5,986,55,16,SCS
B.03.1,12.05.2003,1800,11.5,85.5,4,982,65,20,VSCS
B.03.1,12.05.2003,2100,11.5,85.5,4,982,65,20,VSCS
B.03.1,13.05.2003,0,11.5,85.5,4,982,65,20,VSCS
B.03.1,13.05.2003,300,12,85,4,982,65,20,VSCS
B.03.1,13.05.2003,600,12.5,85,4.5,980,75,28,VSCS
B.03.1,13.05.2003,900,12.5,85,4.5,980,75,28,VSCS
B.03.1,13.05.2003,1200,12.5,85,4,982,65,20,VSCS
B.03.1,13.05.2003,1500,12.5,85,4,982,65,20,VSCS
B.03.1,13.05.2003,1800,13,85,4,982,65,20,VSCS
B.03.1,13.05.2003,2100,13,85,4,982,65,20,VSCS
B.03.1,14.05.2003,0,13.5,85,4,980,65,22,VSCS
B.03.1,14.05.2003,300,14,85,4,982,65,20,VSCS
B.03.1,14.05.2003,600,14,85,3.5,986,55,16,SCS
B.03.1,14.05.2003,900,14.5,85.5,3.5,986,55,14,SCS
B.03.1,14.05.2003,1200,14.5,85.5,3,990,45,10,CS
B.03.1,14.05.2003,1500,14.5,85.5,2.5,990,35,6,CS
B.03.1,14.05.2003,1800,14.5,85.5,2.5,994,35,6,CS
B.03.1,14.05.2003,2100,14.5,86,2.5,994,35,6,CS
B.03.1,15.05.2003,0,14.5,86,2.5,992,35,6,CS
B.03.1,15.05.2003,300,14.5,86,2.5,994,35,6,CS
B.03.1,15.05.2003,600,14.5,86,2.5,994,35,6,CS
B.03.1,15.05.2003,900,14.5,86,2.5,994,35,6,CS
B.03.1,15.05.2003,1200,14.5,86,2.5,994,35,6,CS
B.03.1,15.05.2003,1500,14.5,86,2.5,994,35,6,CS
B.03.1,15.05.2003,1800,14.5,86,2.5,994,35,6,CS
B.03.1,15.05.2003,2100,14.5,86,2.5,994,35,6,CS
B.03.1,16.05.2003,0,14.5,86,2.5,994,35,6,CS
B.03.1,16.05.2003,300,14.5,86.5,2.5,996,35,6,CS
B.03.1,16.05.2003,600,14.5,86.5,2.5,996,35,6,CS
B.03.1,16.05.2003,900,14.5,86.5,2.5,996,35,6,CS
B.03.1,16.05.2003,1200,14.5,87,2,996,30,4,DD
B.03.1,16.05.2003,1500,14.5,87,2,996,30,4,DD
B.03.1,16.05.2003,1800,14.5,87,2,996,30,4,DD
B.03.1,16.05.2003,2100,14.5,87,2,996,30,4,DD
B.03.1,17.05.2003,0,14.5,87,2,996,30,4,DD
B.03.1,17.05.2003,300,14.5,87.5,2,998,30,4,DD
B.03.1,17.05.2003,600,14.5,87.5,2,998,30,4,DD
B.03.1,17.05.2003,900,14.5,87.5,2,998,30,4,DD
B.03.1,17.05.2003,1200,14.5,88,2,998,30,4,DD
B.03.1,17.05.2003,1500,14.5,88.5,2,998,30,4,DD
B.03.1,17.05.2003,1800,14.5,89,2,998,30,4,DD
B.03.1,17.05.2003,2100,14.5,89.5,2,998,30,4,DD
B.03.1,18.05.2003,0,14.5,90,2,1000,30,4,DD
B.03.1,18.05.2003,300,14.5,90.5,2,1000,30,4,DD
B.03.1,18.05.2003,600,14.5,90.5,2,1000,30,4,DD
B.03.1,18.05.2003,900,14.5,90.5,2,1000,30,4,DD
B.03.1,18.05.2003,1200,14.5,91,2,998,30,4,DD
B.03.1,18.05.2003,1500,14.5,91,2,998,30,4,DD
B.03.1,18.05.2003,1800,15,91.5,2,998,30,4,DD
B.03.1,18.05.2003,2100,15.5,91.5,2,998,30,4,DD
B.03.1,19.05.2003,0,16,92,2,998,30,4,DD
B.03.1,19.05.2003,300,16.5,92.5,2,998,30,4,DD
B.03.1,19.05.2003,600,17.5,93,2.5,996,35,6,CS
B.03.1,19.05.2003,900,18,93,2.5,994,35,6,CS
B.03.1,19.05.2003,1200,18.5,93.5,2.5,994,35,6,CS
B.03.1,19.05.2003,1500,19,93.5,2.5,994,35,6,CS
B.03.1,19.05.2003,1800,19.5,94,2.5,994,45,6,CS
B.03.2,11.12.2003,1200,4.5,90.5,1.5,1004,25,2,D
B.03.2,12.12.2003,300,6,89,1.5,1006,25,2,D
B.03.2,12.12.2003,1200,7.5,88,1.5,1004,25,2,D
B.03.2,13.12.2003,300,9,87.5,2,1004,30,4,DD
B.03.2,13.12.2003,1200,9.5,87,2.5,1002,35,6,CS
B.03.2,13.12.2003,1500,10,87,2.5,1002,35,6,CS
B.03.2,13.12.2003,1800,10,87,2.5,1002,35,6,CS
B.03.2,13.12.2003,2100,10.5,86.5,2.5,1000,35,6,CS
B.03.2,14.12.2003,0,10.5,86,2.5,998,35,6,CS
B.03.2,14.12.2003,300,11,85,3,998,45,10,CS
B.03.2,14.12.2003,600,11,85,3,996,45,10,CS
B.03.2,14.12.2003,900,11.5,84.5,3,994,45,10,CS
B.03.2,14.12.2003,1200,12,83.5,3.5,992,55,14,SCS
B.03.2,14.12.2003,1500,12.5,83,3.5,992,55,14,SCS
B.03.2,14.12.2003,1800,12.8,82.5,3.5,992,55,14,SCS
B.03.2,14.12.2003,2100,13.4,82.2,3.5,992,55,14,SCS
B.03.2,15.12.2003,0,13.8,81.7,3.5,992,55,14,SCS
B.03.2,15.12.2003,300,14,81.5,3.5,992,55,14,SCS
B.03.2,15.12.2003,600,14.3,81.5,3.5,992,55,14,SCS
B.03.2,15.12.2003,900,15,81,3.5,992,55,14,SCS
B.03.2,15.12.2003,1200,15.5,81,3.5,990,55,14,SCS
B.03.2,15.12.2003,1500,15.8,81,3.5,992,55,14,SCS
B.03.2,15.12.2003,1800,16,81,3.5,992,55,14,SCS
B.03.2,15.12.2003,2100,16.5,81,3.5,992,55,14,CS
B.03.2,16.12.2003,0,17,81,3.5,992,55,14,CS
B.03.2,16.12.2003,300,17,81,3.5,992,55,14,DD
B.03.2,16.12.2003,600,17.5,81.5,3.5,992,55,14,D
B.03.2,16.12.2003,1200,17.5,81.5,3.5,992,55,14,D
FANOOS,06.12.2005,300,10.5,89.5,1.5,1006,25,4,D
FANOOS,06.12.2005,600,10.5,89.5,1.5,1004,25,4,D
FANOOS,06.12.2005,900,11,89,2,1004,30,5,DD
FANOOS,06.12.2005,1200,11,89,2,1004,30,5,DD
FANOOS,06.12.2005,1500,11,89,2,1004,30,5,DD
FANOOS,06.12.2005,1800,11,88.5,2,1004,30,5,DD
FANOOS,06.12.2005,2100,11,88.5,2,1004,30,5,DD
FANOOS,07.12.2005,0,11,88.5,2,1002,30,5,DD
FANOOS,07.12.2005,300,11,87.5,2.5,1000,35,6,CS
FANOOS,07.12.2005,600,11,87,3,1000,40,8,CS
FANOOS,07.12.2005,900,11,86.5,3,998,45,10,CS
FANOOS,07.12.2005,1200,11,86.5,3,998,45,10,CS
FANOOS,07.12.2005,1500,11,86.5,3,998,45,10,CS
FANOOS,07.12.2005,1800,11,86,3,998,45,10,CS
FANOOS,07.12.2005,2100,11,86,3,998,45,10,CS
FANOOS,08.12.2005,0,11,86,3,998,45,10,CS
FANOOS,08.12.2005,300,10.5,86,3,998,45,10,CS
FANOOS,08.12.2005,600,10.5,85.5,3,998,45,10,CS
FANOOS,08.12.2005,900,10.5,85,3,998,45,10,CS
FANOOS,08.12.2005,1200,10.5,84.5,3,998,45,10,CS
FANOOS,08.12.2005,1500,10.5,84.5,3,998,45,10,CS
FANOOS,08.12.2005,1800,10.5,84,3,998,45,10,CS
FANOOS,08.12.2005,2100,10.5,84,3,998,45,10,CS
FANOOS,09.12.2005,0,10.5,83.5,3,998,45,10,CS
FANOOS,09.12.2005,300,10.5,83,3,998,45,10,CS
FANOOS,09.12.2005,600,10.5,83,3,998,45,10,CS
FANOOS,09.12.2005,900,10.5,82.5,3,998,45,10,CS
FANOOS,09.12.2005,1200,10.5,82,3,998,45,10,CS
FANOOS,09.12.2005,1500,10.5,81.5,3,998,45,10,CS
FANOOS,09.12.2005,1800,10.5,81.5,2.5,1000,35,6,CS
FANOOS,09.12.2005,2100,10.5,81,2.5,1000,35,6,CS
FANOOS,10.12.2005,300,10.4,79.8,2.5,1001,30,5,DD
FANOOS,10.12.2005,600,10.5,79.5,2.5,1002,25,4,D
FANOOS,10.12.2005,900,10.5,79.5,2.5,1003,20,3,D
FANOOS,10.12.2005,1200,10.5,79.5,2.5,1003,20,3,D
SIDR,11.11.2007,900,10,92,1.5,1004,25,4,D
SIDR,11.11.2007,1200,10,92,1.5,1004,25,4,D
SIDR,11.11.2007,1500,10,92,1.5,1004,25,4,D
SIDR,11.11.2007,1800,10.5,91.5,2,1002,30,5,DD
SIDR,11.11.2007,2100,10.5,91.5,2,1002,30,5,DD
SIDR,11.12.2007,0,10.5,91.5,2,1002,30,5,DD
SIDR,11.12.2007,300,10.5,91,2.5,1002,35,6,CS
SIDR,11.12.2007,600,11,90.5,3,998,40,10,CS
SIDR,11.12.2007,900,11,90.5,3,996,45,12,CS
SIDR,11.12.2007,1200,11.5,90,3.5,992,55,16,SCS
SIDR,11.12.2007,1500,11.5,90,3.5,992,55,16,SCS
SIDR,11.12.2007,1800,11.5,90,4,986,65,20,VSCS
SIDR,11.12.2007,2100,11.5,90,4.5,980,80,29,VSCS
SIDR,13.11.2007,0,12,89.5,5,968,90,40,ESCS
SIDR,13.11.2007,300,12,89.5,5,968,90,40,ESCS
SIDR,13.11.2007,600,12,89.5,5,968,90,40,ESCS
SIDR,13.11.2007,900,13,89.5,5,964,90,40,ESCS
SIDR,13.11.2007,1200,13,89.5,5,964,90,40,ESCS
SIDR,13.11.2007,1500,13,89.5,5,964,90,40,ESCS
SIDR,13.11.2007,1800,13.5,89.5,5,964,90,40,ESCS
SIDR,13.11.2007,2100,14,89.5,5,964,90,40,ESCS
SIDR,14.11.2007,0,14.5,89.5,5,964,90,40,ESCS
SIDR,14.11.2007,300,14.5,89.5,5,964,90,40,ESCS
SIDR,14.11.2007,600,15,89.5,5,964,90,40,ESCS
SIDR,14.11.2007,900,15.5,89.5,5,964,90,40,ESCS
SIDR,14.11.2007,1200,16,89,5,964,90,40,ESCS
SIDR,14.11.2007,1500,16,89,5,964,90,40,ESCS
SIDR,14.11.2007,1800,16.5,89,5.5,956,105,55,ESCS
SIDR,14.11.2007,2100,17,89,5.5,956,105,55,ESCS
SIDR,15.11.2007,0,17.5,89,5.5,956,105,55,ESCS
SIDR,15.11.2007,300,18,89,6,944,115,66,ESCS
SIDR,15.11.2007,600,19.5,89,6,944,115,66,ESCS
SIDR,15.11.2007,900,20,89,6,944,115,66,ESCS
SIDR,15.11.2007,1200,21,89,6,944,115,66,ESCS
SIDR,15.11.2007,1500,21.5,89.5,6,944,115,66,ESCS
SIDR,15.11.2007,1800,22.5,90.5,4.5,980,80,30,VSCS
SIDR,15.11.2007,2100,23.5,91,3,996,45,12,CS
SIDR,16.11.2007,0,23.5,91,2.5,1000,35,7,CS
SIDR,16.11.2007,300,24.5,91.5,1.5,1002,25,4,D
NARGIS,27.04.2008,300,12,87,1.5,1000,25,3,D
NARGIS,27.04.2008,600,12,87,1.5,998,25,3,D
NARGIS,27.04.2008,900,12,86.5,1.5,998,25,3,D
NARGIS,27.04.2008,1200,12,86.5,2,998,30,4,DD
NARGIS,27.04.2008,1500,12,86.5,2,994,30,4,DD
NARGIS,27.04.2008,1800,12.5,86,2,994,30,4,DD
NARGIS,27.04.2008,2100,13,85.5,2,994,30,4,DD
NARGIS,28.04.2008,0,13,85.5,2.5,994,35,6,CS
NARGIS,28.04.2008,300,13,85.5,2.5,994,40,8,CS
NARGIS,28.04.2008,600,13,85.5,3,990,45,10,CS
NARGIS,28.04.2008,900,13,85.5,3.5,986,55,14,SCS
NARGIS,28.04.2008,1200,13,85.5,3.5,986,55,14,SCS
NARGIS,28.04.2008,1500,13,85.5,3.5,986,55,14,SCS
NARGIS,28.04.2008,1800,13,85.5,3.5,986,55,14,SCS
NARGIS,28.04.2008,2100,13,85.5,3.5,986,55,14,SCS
NARGIS,29.04.2008,0,13,85.5,3.5,986,55,14,SCS
NARGIS,29.04.2008,300,13.5,85.5,4,980,65,20,VSCS
NARGIS,29.04.2008,600,13.5,85.5,4,980,65,20,VSCS
NARGIS,29.04.2008,900,13.5,85.5,4,980,65,20,VSCS
NARGIS,29.04.2008,1200,14,85.5,4,980,65,20,VSCS
NARGIS,29.04.2008,1500,14,85.5,4,980,65,20,VSCS
NARGIS,29.04.2008,1800,14,85.5,4,980,65,20,VSCS
NARGIS,29.04.2008,2100,14,86,4,980,65,20,VSCS
NARGIS,30.04.2008,0,14,86,4,980,65,20,VSCS
NARGIS,30.04.2008,300,14.5,86.5,4,980,65,20,VSCS
NARGIS,30.04.2008,600,14.5,86.5,4,980,65,20,VSCS
NARGIS,30.04.2008,900,14.5,87,4,980,65,20,VSCS
NARGIS,30.04.2008,1200,14.5,87,4,980,65,20,VSCS
NARGIS,30.04.2008,1500,15,87.5,4,980,65,20,VSCS
NARGIS,30.04.2008,1800,15,87.5,4,980,65,20,VSCS
NARGIS,30.04.2008,2100,15,87.5,4,980,65,20,VSCS
NARGIS,05.01.2008,0,15.5,88,4,980,65,20,VSCS
NARGIS,05.01.2008,300,15.5,89,4,980,65,20,VSCS
NARGIS,05.01.2008,600,16,89.5,4,980,65,20,VSCS
NARGIS,05.01.2008,900,16,90,4,980,65,20,VSCS
NARGIS,05.01.2008,1200,16,90.5,4,980,65,20,VSCS
NARGIS,05.01.2008,1500,16,91,4,980,65,20,VSCS
NARGIS,05.01.2008,1800,16,91.5,4,980,65,20,VSCS
NARGIS,05.01.2008,2100,16,92,4,980,65,20,VSCS
NARGIS,05.02.2008,0,16,92.5,4.5,972,77,28,VSCS
NARGIS,05.02.2008,300,16,93,4.5,972,77,28,VSCS
NARGIS,05.02.2008,600,16,93.5,5,962,90,40,ESCS
NARGIS,05.02.2008,900,16,94,5,962,90,40,ESCS
NARGIS,05.02.2008,1200,16,94.3,5,962,90,40,ESCS
NARGIS,05.02.2008,1500,16,95,5,964,90,40,ESCS
NARGIS,05.02.2008,1800,16.5,95.5,5,974,80,30,VSCS
NARGIS,05.02.2008,2100,16.5,95.5,5,986,60,18,SCS
NARGIS,05.03.2008,0,16.5,95.5,5,990,50,14,SCS
NARGIS,05.03.2008,300,17,96,5,992,50,12,SCS
NARGIS,05.03.2008,600,17.5,96.5,5,994,45,10,CS
NARGIS,05.03.2008,900,18,97,5,998,35,6,CS
AILA,23.05.2009,600,16.5,88,1.5,998,25,3,D
AILA,23.05.2009,1200,16.5,88,1.5,994,25,3,D
AILA,23.05.2009,1800,17,88.5,1.5,996,25,4,D
AILA,24.05.2009,0,17,88.5,1.5,996,25,4,D
AILA,24.05.2009,300,18,88.5,2,992,30,5,DD
AILA,24.05.2009,600,18,88.5,2,988,30,5,DD
AILA,24.05.2009,900,18,88.5,2,986,30,5,DD
AILA,24.05.2009,1200,18.5,88.5,2.5,986,35,6,Cs
AILA,24.05.2009,1500,19,88.5,2.5,986,35,8,CS
AILA,24.05.2009,1800,19,88.5,2.5,986,35,8,CS
AILA,24.05.2009,2100,20,88,2.5,984,40,8,CS
AILA,25.05.2009,0,20,88,2.5,980,40,10,CS
AILA,25.05.2009,300,20.5,88,3,978,50,12,CS
AILA,25.05.2009,600,21.5,88,3.5,974,55,15,SCS
AILA,25.05.2009,900,22,88,.,968,60,20,SCS
AILA,25.05.2009,1200,22.5,88,.,970,50,16,SCS
AILA,25.05.2009,1500,23,88,.,978,45,14,CS
AILA,25.05.2009,1800,23.5,88,.,980,40,12,CS
AILA,25.05.2009,2100,24,88,.,981,35,10,CS
AILA,26.05.2009,0,25,88,.,982,30,8,CS
AILA,26.05.2009,300,25.5,88,.,988,25,6,DD
AILA,26.05.2009,600,27,88.5,.,992,20,4,D
WARD,12.10.2009,900,6.5,85,1.5,1004,25,3,D
WARD,12.10.2009,1200,6.5,85,1.5,1004,25,3,D
WARD,12.10.2009,1800,6.5,85,1.5,1003,25,4,D
WARD,12.11.2009,0,7,84.5,2,1000,30,5,DD
WARD,12.11.2009,300,7,84.5,2,1000,30,5,DD
WARD,12.11.2009,600,8,84.5,2,1000,30,5,DD
WARD,12.11.2009,900,8.5,84.5,2.5,998,35,6,CS
WARD,12.11.2009,1200,8.5,84.5,2.5,998,35,6,CS
WARD,12.11.2009,1500,9,84.5,2.5,998,35,6,CS
WARD,12.11.2009,1800,9,84.5,2.5,998,40,8,CS
WARD,12.11.2009,2100,9.5,84.5,3,996,45,10,CS
WARD,12.12.2009,0,10,84.5,3,996,45,10,CS
WARD,12.12.2009,300,10,84.5,3,996,45,10,CS
WARD,12.12.2009,600,10,84.5,3,996,45,10,CS
WARD,12.12.2009,900,10,84,2.5,998,40,8,CS
WARD,12.12.2009,1200,10,83.5,2.5,998,35,6,CS
WARD,12.12.2009,1500,10,83.5,2.5,998,35,6,CS
WARD,12.12.2009,1800,9.5,83.5,2,1000,30,5,DD
WARD,13.12.2009,0,9.5,83,2,1000,30,5,DD
WARD,13.12.2009,300,9.5,83,2,1000,30,5,DD
WARD,13.12.2009,600,9,83,2,1002,30,5,DD
WARD,13.12.2009,1200,9,83,2,1002,30,5,DD
WARD,13.12.2009,1800,9,82.5,2,1002,30,5,DD
WARD,14.12.2009,0,9,82,2,1002,30,5,DD
WARD,14.12.2009,300,8.5,81.5,2,1004,30,5,DD
WARD,14.12.2009,600,8.5,81.5,2,1004,30,5,DD
WARD,14.12.2009,900,8.5,81,.,1004,25,4,D
WARD,14.12.2009,1200,8.5,81,.,1004,25,3,D
WARD,14.12.2009,1800,8.5,81,.,1005,25,3,D
WARD,15.12.2009,0,8.5,80.5,.,1007,25,3,D
LAILA,17.05.2010,600,10.5,88.5,1.5,1004,25,3,D
LAILA,17.05.2010,1200,11,88,2,1000,30,5,DD
LAILA,17.05.2010,1800,11.5,87.5,2,998,30,5,DD
LAILA,18.05.2010,0,11.5,86.5,2.5,998,35,6,CS
LAILA,18.05.2010,300,12,85.5,2.5,996,40,6,CS
LAILA,18.05.2010,600,12.5,84.5,3,992,45,8,CS
LAILA,18.05.2010,900,13,84,3,992,45,8,CS
LAILA,18.05.2010,1200,13,83.5,3,990,45,10,CS
LAILA,18.05.2010,1500,13,83,3,990,45,10,CS
LAILA,18.05.2010,1800,13,82.5,3,990,45,10,CS
LAILA,18.05.2010,2100,13,82,3,990,45,10,CS
LAILA,19.05.2010,0,13.5,82,3,990,45,10,CS
LAILA,19.05.2010,300,13.5,82,3,990,45,10,CS
LAILA,19.05.2010,600,13.5,81.5,3.5,986,55,15,SCS
LAILA,19.05.2010,900,14,81.5,3.5,986,55,15,SCS
LAILA,19.05.2010,1200,14,81.5,3.5,986,55,15,SCS
LAILA,19.05.2010,1500,14,81.5,3.5,986,55,15,SCS
LAILA,19.05.2010,1800,14.5,81,3.5,986,55,15,SCS
LAILA,19.05.2010,2100,14.5,81,3.5,986,55,15,SCS
LAILA,20.05.2010,0,15,81,3.5,986,55,15,SCS
LAILA,20.05.2010,300,15.5,80.5,3.5,986,55,15,SCS
LAILA,20.05.2010,600,15.7,80.5,3.5,986,55,15,SCS
LAILA,20.05.2010,900,15.8,80.5,3.5,986,55,15,SCS
LAILA,20.05.2010,1200,16,80.5,.,990,45,12,CS
LAILA,20.05.2010,1500,16,80.5,.,990,45,12,CS
LAILA,20.05.2010,1800,16,80.5,.,990,45,10,CS
LAILA,20.05.2010,2100,16,80.7,.,990,40,10,CS
LAILA,21.05.2010,0,16.2,80.8,.,990,35,10,CS
LAILA,21.05.2010,300,16.5,81,.,995,30,5,DD
LAILA,21.05.2010,600,17,81.5,.,999,20,3,D
GIRI,20.10.2010,1200,17.5,91.5,1.5,1002,25,4,D
GIRI,20.10.2010,1800,17.5,91.5,1.5,1002,25,4,D
GIRI,21.10.2010,0,17.5,91.5,1.5,1002,25,4,D
GIRI,21.10.2010,300,17.5,91.5,2,1000,30,5,DD
GIRI,21.10.2010,600,17.5,91.5,2.5,998,35,6,CS
GIRI,21.10.2010,900,17.5,91.5,2.5,996,40,8,CS
GIRI,21.10.2010,1200,18,92,3,990,45,10,CS
GIRI,21.10.2010,1500,18,92,3,990,45,10,CS
GIRI,21.10.2010,1800,18,92,3,988,50,12,CS
GIRI,21.10.2010,2100,18.5,92.5,3,984,55,16,CS
GIRI,22.10.2010,0,18.5,92.5,3.5,980,60,20,SCS
GIRI,22.10.2010,300,19,93,4.5,974,80,30,VSCS
GIRI,22.10.2010,600,19,93,5,964,90,40,ESCS
GIRI,22.10.2010,900,19.5,93.5,5.5,950,105,52,ESCS
GIRI,22.10.2010,1200,19.8,93.5,5.5,950,105,52,ESCS
GIRI,22.10.2010,1500,20,93.5,..,966,80,36,VSCS
GIRI,22.10.2010,1800,20.5,94,..,976,70,26,VSCS
GIRI,22.10.2010,2100,20.5,94,..,986,55,16,SCS
GIRI,23.10.2010,0,21,94.5,..,992,45,10,CS
GIRI,23.10.2010,300,21.5,95,..,996,35,8,CS
GIRI,23.10.2010,600,22,95.5,..,998,25,4,D
JAL,04.11.2010,0,8,92,1.5,1002,25,3,D
JAL,04.11.2010,300,8.5,91,1.5,1002,25,3,D
JAL,04.11.2010,600,8.5,90.5,1.5,1002,25,3,D
JAL,04.11.2010,1200,8.5,90,1.5,1002,25,3,D
JAL,04.11.2010,1800,8.5,89.5,1.5,1002,25,4,D
JAL,05.11.2010,0,9,88.5,2,1000,30,5,DD
JAL,05.11.2010,300,9,88,2,1000,30,5,DD
JAL,05.11.2010,600,9,87.5,2.5,998,35,6,CS
JAL,05.11.2010,900,9,87.5,2.5,996,40,8,CS
JAL,05.11.2010,1200,9.5,87,2.5,994,45,10,CS
JAL,05.11.2010,1500,9.5,87,3,994,45,10,CS
JAL,05.11.2010,1800,10,86.5,3,992,50,12,CS
JAL,05.11.2010,2100,10,86,3.5,990,55,16,SCS
JAL,06.11.2010,0,10,85.5,3.5,990,55,16,SCS
JAL,06.11.2010,300,10,85.5,3.5,990,55,16,SCS
JAL,06.11.2010,600,10,85,3.5,990,55,16,SCS
JAL,06.11.2010,900,10,85,3.5,990,55,16,SCS
JAL,06.11.2010,1200,11,84.5,3.5,988,60,18,SCS
JAL,06.11.2010,1500,11,84.5,3.5,988,60,18,SCS
JAL,06.11.2010,1800,11,84,3.5,988,60,18,SCS
JAL,06.11.2010,2100,11,84,3.5,988,60,18,SCS
JAL,07.11.2010,0,11,83.5,3.5,988,60,18,SCS
JAL,07.11.2010,300,12,83,3.5,990,55,16,SCS
JAL,07.11.2010,600,12,82.5,3,992,45,12,CS
JAL,07.11.2010,900,12,81.5,2.5,994,40,8,CS
JAL,07.11.2010,1200,13,81,2,996,30,6,DD
JAL,07.11.2010,1500,13,80.5,2,998,30,5,DD
JAL,07.11.2010,1800,13,80,..,1000,30,5,DD
JAL,08.11.2010,0,14,79,..,1002,25,4,D
JAL,08.11.2010,300,15,78,..,1004,25,3,D
THANE,25.12.2011,1200,8.5,88.5,1.5,1000,25,3,D
THANE,25.12.2011,1800,9,88,1.5,1000,25,3,D
THANE,26.12.2011,0,9.5,87.5,2,998,30,4,DD
THANE,26.12.2011,300,9.5,87.5,2,998,30,4,DD
THANE,26.12.2011,600,10,87.5,2,998,30,4,DD
THANE,26.12.2011,1200,10.5,87.5,2,998,30,5,DD
THANE,26.12.2011,1800,11,87.5,2.5,996,35,7,CS
THANE,26.12.2011,2100,11,87.5,2.5,996,35,7,CS
THANE,27.12.2011,0,11.5,87.5,2.5,994,40,8,CS
THANE,27.12.2011,300,12,87,2.5,994,40,8,CS
THANE,27.12.2011,600,12,87,2.5,994,40,8,CS
THANE,27.12.2011,900,12.2,86.7,2.5,992,40,10,CS
THANE,27.12.2011,1200,12.5,86.5,2.5,992,40,10,CS
THANE,27.12.2011,1500,12.5,86.5,3,992,45,10,CS
THANE,27.12.2011,1800,12.5,86,3,992,45,12,CS
THANE,27.12.2011,2100,12.5,86,3,992,45,12,CS
THANE,28.12.2011,0,12.5,85.5,3,992,45,12,CS
THANE,28.12.2011,300,12.5,85.5,3,987,45,14,CS
THANE,28.12.2011,600,12.5,85,3,988,45,14,CS
THANE,28.12.2011,900,12.5,85,3.5,986,55,16,SCS
THANE,28.12.2011,1200,12.5,84.5,4,982,65,20,VSCS
THANE,28.12.2011,1500,12.5,84,4,980,65,22,VSCS
THANE,28.12.2011,1800,12.5,84,4,978,65,24,VSCS
THANE,28.12.2011,2100,12.5,83.5,4,976,65,26,VSCS
THANE,29.12.2011,0,12.3,83,4,974,70,28,VSCS
THANE,29.12.2011,300,12,82.5,4.5,976,75,30,VSCS
THANE,29.12.2011,600,12,82,4.5,972,75,30,VSCS
THANE,29.12.2011,900,12,81.7,4.5,972,75,30,VSCS
THANE,29.12.2011,1200,12,81.3,4.5,972,75,30,VSCS
THANE,29.12.2011,1500,12,81,4.5,970,75,30,VSCS
THANE,29.12.2011,1800,11.8,80.6,4.5,970,75,30,VSCS
THANE,29.12.2011,2100,11.8,80.3,4.5,969,75,30,VSCS
THANE,30.12.2011,0,11.6,79.9,4.5,969,75,30,VSCS
THANE,30.12.2011,300,11.6,79.5,..,986,55,16,SCS
THANE,30.12.2011,600,11.6,79,..,998,30,5,DD
THANE,30.12.2011,1200,11.6,78.2,..,1000,25,3,D
NILAM,28.10.2012,600,9.5,86,1.5,1004,25,2,D
NILAM,28.10.2012,1200,9.5,85,1.5,1003,25,3,D
NILAM,28.10.2012,1800,9.5,84.5,1.5,1002,25,4,D
NILAM,29.10.2012,0,9.5,84,2,1000,30,4,DD
NILAM,29.10.2012,300,9.5,83.5,2,1000,30,4,DD
NILAM,29.10.2012,600,9,83,2,1000,30,4,DD
NILAM,29.10.2012,1200,9,82.5,2,1000,30,4,DD
NILAM,29.10.2012,1800,9,82,2,1000,30,4,DD
NILAM,30.10.2012,0,9,82,2,999,30,4,DD
NILAM,30.10.2012,300,9,82,2.5,998,35,6,CS
NILAM,30.10.2012,600,9,82,2.5,996,35,6,CS
NILAM,30.10.2012,900,9.5,82,2.5,996,35,6,CS
NILAM,30.10.2012,1200,9.5,82,2.5,994,40,8,CS
NILAM,30.10.2012,1500,9.5,82,2.5,994,40,8,CS
NILAM,30.10.2012,1800,10,82,2.5,992,40,8,CS
NILAM,30.10.2012,2100,10,82,2.5,990,40,10,CS
NILAM,31.10.2012,0,10.5,81.5,3,988,45,12,CS
NILAM,31.10.2012,300,11,81,3,987,45,13,CS
NILAM,31.10.2012,600,11.5,81,3,987,45,13,CS
NILAM,31.10.2012,900,12.3,80.5,3,987,45,13,CS
NILAM,31.10.2012,1200,12.7,79.8,..,991,35,8,CS
NILAM,31.10.2012,1500,13,79.5,..,996,35,7,CS
NILAM,31.10.2012,1800,13,78.5,..,998,30,5,DD
NILAM,01.11.2012,0,13,77.5,..,999,20,4,D
NILAM,01.11.2012,300,13.5,77,..,1002,20,3,D
NILAM,01.11.2012,600,13.5,77,..,1002,20,3,D
NILAM,01.11.2012,1200,14,77,..,1002,20,3,D
NILAM,01.11.2012,1800,14.5,77,..,1004,20,3,D
PHAILIN,08-10-2013,300,12,96,1.5,1004,25,3,D
PHAILIN,08-10-2013,600,12,95.5,1.5,1004,25,3,D
PHAILIN,08-10-2013,1200,12,94.5,1.5,1003,25,4,D
PHAILIN,08-10-2013,1800,12.5,94,1.5,1003,25,4,D
PHAILIN,09-10-2013,0,13,93.5,2,1002,30,5,DD
PHAILIN,09-10-2013,300,13,93.5,2,1001,30,5,DD
PHAILIN,09-10-2013,600,13,93,2,1000,30,6,DD
PHAILIN,09-10-2013,900,13.5,92.5,2,1000,30,6,DD
PHAILIN,09-10-2013,1200,13.5,92.5,2.5,999,35,7,CS
PHAILIN,09-10-2013,1500,13.6,92.5,2.5,999,35,7,CS
PHAILIN,09-10-2013,1800,14,92,2.5,998,40,8,CS
PHAILIN,09-10-2013,2100,14,92,3,996,45,10,CS
PHAILIN,10-10-2013,0,14.5,91.5,3,996,45,10,CS
PHAILIN,10-10-2013,300,14.5,91,3.5,990,55,15,SCS
PHAILIN,10-10-2013,600,15,90.5,4,984,65,22,VSCS
PHAILIN,10-10-2013,900,15,90.5,4,982,70,24,VSCS
PHAILIN,10-10-2013,1200,15.5,90,4.5,976,75,30,VSCS
PHAILIN,10-10-2013,1500,15.5,90,5,966,90,40,ESCS
PHAILIN,10-10-2013,1800,15.5,89.5,5,960,95,46,ESCS
PHAILIN,10-10-2013,2100,15.5,89,5.5,954,100,52,ESCS
PHAILIN,11-10-2013,0,16,88.5,5.5,946,110,60,ESCS
PHAILIN,11-10-2013,300,16,88.5,6,940,115,66,ESCS
PHAILIN,11-10-2013,600,16.2,88.3,6,940,115,66,ESCS
PHAILIN,11-10-2013,900,16.5,88,6,940,115,66,ESCS
PHAILIN,11-10-2013,1200,16.8,87.7,6,940,115,66,ESCS
PHAILIN,11-10-2013,1500,16.9,87.2,6,940,115,66,ESCS
PHAILIN,11-10-2013,1800,17,87,6,940,115,66,ESCS
PHAILIN,11-10-2013,2100,17.1,86.8,6,940,115,66,ESCS
PHAILIN,12-10-2013,0,17.5,86.5,6,940,115,66,ESCS
PHAILIN,12-10-2013,300,17.8,86,6,940,115,66,ESCS
PHAILIN,12-10-2013,600,18.1,85.7,6,940,115,66,ESCS
PHAILIN,12-10-2013,900,18.6,85.4,6,940,115,66,ESCS
PHAILIN,12-10-2013,1200,18.7,85.2,6,940,115,66,ESCS
PHAILIN,12-10-2013,1500,19.1,85.2,6,940,115,66,ESCS
PHAILIN,12-10-2013,1800,19.5,84.8,-,956,100,50,ESCS
PHAILIN,12-10-2013,2100,20,84.5,-,966,90,40,ESCS
PHAILIN,13-10-2013,0,20.5,84.5,-,976,75,30,VSCS
PHAILIN,13-10-2013,300,21,84,-,990,55,15,SCS
PHAILIN,13-10-2013,600,21.5,84,-,992,40,13,CS
PHAILIN,13-10-2013,900,21.8,83.8,-,993,35,12,CS
PHAILIN,13-10-2013,1200,22.5,83.8,-,994,35,10,CS
PHAILIN,13-10-2013,1800,23,83.5,-,996,30,6,DD
PHAILIN,14-10-2013,0,23.5,84,-,1000,30,5,DD
PHAILIN,14-10-2013,300,24,84.1,-,1002,25,4,D
PHAILIN,14-10-2013,600,24.5,84.2,,1004,25,3,D
LEHAR,23-11-2013,1200,8.5/96.5,8.5/96.5,1.5,1004,25,3,D
LEHAR,23-11-2013,1800,9.0/96.0,9.0/96.0,2,1002,30,5,DD
LEHAR,24-11-2013,0,10.0/95.0,10.0/95.0,2.5,999,35,7,CS
LEHAR,24-11-2013,300,10.0/95.0,10.0/95.0,2.5,998,40,8,CS
LEHAR,24-11-2013,600,10.5/94.5,10.5/94.5,2.5,998,40,8,CS
LEHAR,24-11-2013,900,10.7/94.0,10.7/94.0,3,996,45,10,CS
LEHAR,24-11-2013,1200,11.0/93.5,11.0/93.5,3,996,45,10,CS
LEHAR,24-11-2013,1500,11.0/93.5,11.0/93.5,3,996,45,10,CS
LEHAR,24-11-2013,1800,11.5/93.0,11.5/93.0,3,996,45,10,CS
LEHAR,24-11-2013,2100,11.5/92.5,11.5/92.5,3,996,45,12,CS
LEHAR,25-11-2013,0,12.0/92.5,12.0/92.5,3.5,992,55,15,SCS
LEHAR,25-11-2013,600,12.0/91.5,12.0/91.5,3.5,988,55,17,SCS
LEHAR,25-11-2013,900,12.0/91.5,12.0/91.5,3.5,988,60,17,SCS
LEHAR,25-11-2013,1200,12.5/91.5,12.5/91.5,3.5,988,60,17,SCS
LEHAR,25-11-2013,1500,12.5/91.0,12.5/91.0,3.5,988,60,17,SCS
LEHAR,25-11-2013,1800,12.5/91.0,12.5/91.0,3.5,988,55,17,SCS
LEHAR,25-11-2013,2100,12.5/91.0,12.5/91.0,4,984,65,22,VSCS
LEHAR,26-11-2013,0,12.5/90.5,12.5/90.5,4,982,70,24,VSCS
LEHAR,26-11-2013,300,12.5/90.0,12.5/90.0,4,982,70,24,VSCS
LEHAR,26-11-2013,600,12.5/89.5,12.5/89.5,4,982,70,24,VSCS
LEHAR,26-11-2013,900,13.0/89.0,13.0/89.0,4,982,70,24,VSCS
LEHAR,26-11-2013,1200,13.0/88.5,13.0/88.5,4,982,70,24,VSCS
LEHAR,26-11-2013,1500,13.0/88.5,13.0/88.5,4,982,70,24,VSCS
LEHAR,26-11-2013,1800,13.1/88.0,13.1/88.0,4,980,75,26,VSCS
LEHAR,26-11-2013,2100,13.2/87.5,13.2/87.5,4,980,75,26,VSCS
LEHAR,27-11-2013,0,13.5/87.0,13.5/87.0,4,980,75,26,VSCS
LEHAR,27-11-2013,300,13.5/86.5,13.5/86.5,4,980,75,26,VSCS
LEHAR,27-11-2013,600,14.0/86.0,14.0/86.0,4,982,70,24,VSCS
LEHAR,27-11-2013,900,14.0/85.5,14.0/85.5,4,984,65,22,VSCS
LEHAR,27-11-2013,1200,14.5/85.0,14.5/85.0,3.5,988,55,17,SCS
LEHAR,27-11-2013,1500,14.5/84.5,14.5/84.5,3.5,988,55,17,SCS
LEHAR,27-11-2013,1800,15.0/84.0,15.0/84.0,3,996,45,10,CS
LEHAR,27-11-2013,2100,15.0/83.5,15.0/83.5,2.5,998,40,8,CS
LEHAR,28-11-2013,0,15.5/82.0,15.5/82.0,2,1000,30,5,DD
LEHAR,28-11-2013,300,15.7/81.7,15.7/81.7,2,1000,30,5,DD
LEHAR,28-11-2013,600,15.7/81.3,15.7/81.3,2,1000,30,5,DD
LEHAR,28-11-2013,900,15.9/81.0,15.9/81.0,-,1002,25,4,D
LEHAR,28-11-2013,1200,16.0/80.8,16.0/80.8,-,1004,20,3,D
MADI,06-12-2013,300,10.0/84.0,10.0/84.0,1.5,1004,25,3,D
MADI,06-12-2013,600,10.0/84.0,10.0/84.0,1.5,1004,25,3,D
MADI,06-12-2013,1200,10.2/84.0,10.2/84.0,1.5,1004,25,3,D
MADI,06-12-2013,1800,10.4/84.0,10.4/84.0,2,1002,30,5,DD
MADI,07-12-2013,0,10.5/84.1,10.5/84.1,2.5,998,35,7,CS
MADI,07-12-2013,300,10.5/84.1,10.5/84.1,2.5,998,35,7,CS
MADI,07-12-2013,600,10.7/84.2,10.7/84.2,3,996,45,10,CS
MADI,07-12-2013,900,10.8/84.3,10.8/84.3,3.5,992,55,14,SCS
MADI,07-12-2013,1200,11.0/84.4,11.0/84.4,3.5,992,55,14,SCS
MADI,07-12-2013,1500,11.0/84.5,11.0/84.5,3.5,992,55,14,SCS
MADI,07-12-2013,1800,11.2/84.5,11.2/84.5,3.5,990,55,16,SCS
MADI,07-12-2013,2100,11.5/84.6,11.5/84.6,3.5,990,55,16,SCS
MADI,08-12-2013,0,11.8/84.6,11.8/84.6,3.5,988,60,18,SCS
MADI,08-12-2013,300,12.0/84.6,12.0/84.6,3.5,988,60,18,SCS
MADI,08-12-2013,600,12.3/84.7,12.3/84.7,4,986,65,20,VSCS
MADI,08-12-2013,900,12.6/84.7,12.6/84.7,4,986,65,20,VSCS
MADI,08-12-2013,1200,13.0/84.7,13.0/84.7,4,986,65,20,VSCS
MADI,08-12-2013,1500,13.2/84.7,13.2/84.7,4,986,65,20,VSCS
MADI,08-12-2013,1800,13.4/84.7,13.4/84.7,4,986,65,20,VSCS
MADI,08-12-2013,2100,13.6/84.7,13.6/84.7,4,986,65,20,VSCS
MADI,09-12-2013,0,13.8/84.7,13.8/84.7,4,986,65,20,VSCS
MADI,09-12-2013,300,14.0/84.7,14.0/84.7,4,986,65,20,VSCS
MADI,09-12-2013,600,14.3/84.7,14.3/84.7,4,986,65,20,VSCS
MADI,09-12-2013,900,14.4/84.7,14.4/84.7,4,986,65,20,VSCS
MADI,09-12-2013,1200,14.6/84.7,14.6/84.7,3.5,988,60,18,SCS
MADI,09-12-2013,1500,14.7/84.7,14.7/84.7,3.5,988,60,18,SCS
MADI,09-12-2013,1800,14.8/84.8,14.8/84.8,3.5,988,60,18,SCS
MADI,09-12-2013,2100,14.8/84.8,14.8/84.8,3.5,988,60,16,SCS
MADI,10-12-2013,0,15.0/85.0,15.0/85.0,3.5,988,60,16,SCS
MADI,10-12-2013,300,15.3/85.3,15.3/85.3,4,988,65,16,VSCS
MADI,10-12-2013,600,15.4/85.3,15.4/85.3,4,988,65,16,VSCS
MADI,10-12-2013,900,15.7/85.3,15.7/85.3,4,988,65,16,VSCS
MADI,10-12-2013,1200,15.4/85.0,15.4/85.0,3.5,990,55,14,SCS
MADI,10-12-2013,1500,15.1/84.8,15.1/84.8,3.5,990,55,14,SCS
MADI,10-12-2013,1800,14.9/84.7,14.9/84.7,3.5,992,50,12,SCS
MADI,10-12-2013,2100,14.6/84.6,14.6/84.6,3,994,45,10,CS
MADI,11-12-2013,0,14.3/84.2,14.3/84.2,3,996,40,8,CS
MADI,11-12-2013,300,14.0/83.8,14.0/83.8,2,998,30,6,DD
MADI,11-12-2013,600,13.7/83.5,13.7/83.5,2,998,30,6,DD
MADI,11-12-2013,900,13.5/83.4,13.5/83.4,2,1000,30,5,DD
MADI,11-12-2013,1200,13.3/83.3,13.3/83.3,2,1000,30,5,DD
MADI,11-12-2013,1800,12.9/82.7,12.9/82.7,1.5,1000,25,4,D
MADI,12-12-2013,0,12.5/82.0,12.5/82.0,1.5,1000,25,3,D
MADI,12-12-2013,300,12.0/81.5,12.0/81.5,1.5,1000,25,3,D
MADI,12-12-2013,600,11.5/81.2,11.5/81.2,1.5,1000,25,3,D
MADI,12-12-2013,900,11.0/80.7,11.0/80.7,1.5,1000,25,3,D
MADI,12-12-2013,1200,10.5/80.0,10.5/80.0,1.5,1000,25,3,D
HUDHUD,07.10.2014,300,11.5,95,1.5,1004,25,3,D
HUDHUD,07.10.2014,600,11.7,94.8,1.5,1004,25,3,D
HUDHUD,07.10.2014,1200,12,94,2,1000,30,5,DD
HUDHUD,07.10.2014,1800,12,93.5,2,1000,30,5,DD
HUDHUD,08.10.2014,0,12.2,93,2,1000,30,5,DD
HUDHUD,08.10.2014,300,12.3,92.9,2.5,998,35,7,CS
HUDHUD,08.10.2014,600,12.5,92.5,2.5,996,40,8,CS
HUDHUD,08.10.2014,900,12.7,91.7,2.5,996,40,8,CS
HUDHUD,08.10.2014,1200,12.8,91,2.5,996,40,8,CS
HUDHUD,08.10.2014,1500,13,90.5,2.5,996,40,8,CS
HUDHUD,08.10.2014,1800,13.2,90.2,3,994,45,9,CS
HUDHUD,08.10.2014,2100,13.5,89.6,3,992,45,10,CS
HUDHUD,09.10.2014,0,13.7,89.2,3,990,45,12,CS
HUDHUD,09.10.2014,300,13.8,89,3.5,988,55,16,SCS
HUDHUD,09.10.2014,600,13.9,88.8,3.5,988,55,16,SCS
HUDHUD,09.10.2014,900,14.6,88.6,3.5,988,55,16,SCS
HUDHUD,09.10.2014,1200,14.1,88.4,3.5,988,55,16,SCS
HUDHUD,09.10.2014,1500,14.1,88.1,3.5,988,55,16,SCS
HUDHUD,09.10.2014,1800,14.1,87.9,3.5,988,55,16,SCS
HUDHUD,09.10.2014,2100,14.3,87.7,3.5,988,60,16,SCS
HUDHUD,10.10.2014,0,14.4,87.6,3.5,988,60,16,SCS
HUDHUD,10.10.2014,300,14.7,87.2,3.5,988,60,16,SCS
HUDHUD,10.10.2014,600,14.8,87,3.5,986,60,18,SCS
HUDHUD,10.10.2014,900,15,86.8,4,984,65,22,VSCS
HUDHUD,10.10.2014,1200,15.2,86.7,4,982,70,26,VSCS
HUDHUD,10.10.2014,1500,15.4,86.5,4,980,75,28,VSCS
HUDHUD,10.10.2014,1800,15.5,86.4,4,978,75,30,VSCS
HUDHUD,10.10.2014,2100,15.7,86.1,4,974,75,30,VSCS
HUDHUD,11.10.2014,0,15.9,85.7,4,970,75,30,VSCS
HUDHUD,11.10.2014,300,16,85.4,4.5,968,80,34,VSCS
HUDHUD,11.10.2014,600,16.1,85.1,5,966,90,40,ESCS
HUDHUD,11.10.2014,900,16.1,85,5,964,90,42,ESCS
HUDHUD,11.10.2014,1200,16.2,84.8,5,962,95,44,ESCS
HUDHUD,11.10.2014,1500,16.2,84.8,5,960,95,46,ESCS
HUDHUD,11.10.2014,1800,16.4,84.7,5,954,100,50,ESCS
HUDHUD,11.10.2014,2100,16.7,84.4,5,952,100,52,ESCS
HUDHUD,12.10.2014,0,17.2,84.2,5,950,100,54,ESCS
HUDHUD,12.10.2014,300,17.4,83.8,5,950,100,54,ESCS
HUDHUD,12.10.2014,600,17.6,83.4,5,950,100,54,ESCS
HUDHUD,12.10.2014,900,17.8,83,.,960,90,42,ESCS
HUDHUD,12.10.2014,1200,18,82.7,.,982,60,20,SCS
HUDHUD,12.10.2014,1500,18.3,82.5,.,986,45,15,CS
HUDHUD,12.10.2014,1800,18.7,82.3,.,987,40,14,CS
HUDHUD,12.10.2014,2100,18.7,82.3,.,988,40,13,DD
HUDHUD,13.10.2014,0,19.5,81.5,.,994,30,8,DD
HUDHUD,13.10.2014,300,20.5,81.5,.,996,30,6,DD
HUDHUD,13.10.2014,600,20.7,81.5,.,998,30,5,D
HUDHUD,13.10.2014,1200,21.3,81.5,.,998,25,4,D
HUDHUD,13.10.2014,1800,22.3,81.5,.,1000,25,4,D
HUDHUD,14.10.2014,0,24.8,81.5,.,1000,25,4,D
HUDHUD,14.10.2014,300,25.1,81.6,.,1000,20,3,D
HUDHUD,14.10.2014,600,25.6,81.7,.,1000,20,3,D
HUDHUD,14.10.2014,900,26.3,81.8,.,1000,20,3,D
VARDAH,06.12.2016,900,8.5,91,1.5,1002,25,3,D
VARDAH,06.12.2016,1200,8.5,90.5,1.5,1002,25,3,D
VARDAH,06.12.2016,1800,9.5,90.5,1.5,1002,25,3,D
VARDAH,07.12.2016,0,9.8,90.5,1.5,1002,25,4,D
VARDAH,07.12.2016,300,9.8,90.5,1.5,1002,25,4,D
VARDAH,07.12.2016,600,9.8,90.5,1.5,1002,25,4,D
VARDAH,07.12.2016,1200,10,90.5,1.5,1002,25,4,D
VARDAH,07.12.2016,1800,10.8,90.5,2,1000,30,5,DD
VARDAH,08.12.2016,0,11.2,90.5,2.5,998,35,6,CS
VARDAH,08.12.2016,300,11.5,90.5,2.5,998,35,7,CS
VARDAH,08.12.2016,600,11.5,90.5,2.5,998,35,7,CS
VARDAH,08.12.2016,900,11.5,90.5,2.5,998,35,7,CS
VARDAH,08.12.2016,1200,11.7,90.5,2.5,997,40,8,CS
VARDAH,08.12.2016,1500,11.7,90.5,2.5,997,40,8,CS
VARDAH,08.12.2016,1800,11.8,90.5,2.5,997,40,8,CS
VARDAH,08.12.2016,2100,12,90.5,2.5,997,40,8,CS
VARDAH,09.12.2016,0,12,90.4,3,996,45,10,CS
VARDAH,09.12.2016,300,12.1,90.4,3,996,45,10,CS
VARDAH,09.12.2016,600,12.1,90.3,3,996,45,10,CS
VARDAH,09.12.2016,900,12.2,90.3,3,996,45,10,CS
VARDAH,09.12.2016,1200,12.2,90,3,996,45,10,CS
VARDAH,09.12.2016,1500,12.2,89.9,3,994,45,12,CS
VARDAH,09.12.2016,1800,12.3,89.6,3,992,50,14,SCS
VARDAH,09.12.2016,2100,12.5,89,3.5,990,55,16,SCS
VARDAH,1012/2016,0,12.6,88.4,3.5,990,55,16,SCS
VARDAH,1012/2016,300,12.7,88,3.5,990,55,16,SCS
VARDAH,1012/2016,600,13,87.4,3.5,990,55,16,SCS
VARDAH,1012/2016,900,13.1,86.8,3.5,988,60,18,SCS
VARDAH,1012/2016,1200,13.2,86.4,4,984,65,22,VSCS
VARDAH,1012/2016,1500,13.3,85.9,4,984,65,22,VSCS
VARDAH,1012/2016,1800,13.3,85.3,4,984,65,22,VSCS
VARDAH,1012/2016,2100,13.3,85,4,982,65,22,VSCS
VARDAH,11.12.2016,0,13.3,84.7,4,980,70,24,VSCS
VARDAH,11.12.2016,300,13.1,84.3,4,980,70,24,VSCS
VARDAH,11.12.2016,600,13.1,83.7,4,980,70,24,VSCS
VARDAH,11.12.2016,900,13.1,83.3,4,980,70,24,VSCS
VARDAH,11.12.2016,1200,13.3,83,4,980,70,24,VSCS
VARDAH,11.12.2016,1500,13.3,82.5,4,980,70,24,VSCS
VARDAH,11.12.2016,1800,13.1,82.3,4,980,70,24,VSCS
VARDAH,11.12.2016,2100,13.2,81.9,4,978,70,26,VSCS
VARDAH,12.12.2016,0,13.2,81.6,4,975,70,26,VSCS
VARDAH,12.12.2016,300,13.2,81.2,4,975,70,26,VSCS
VARDAH,12.12.2016,600,13.2,80.7,4,975,70,26,VSCS
VARDAH,12.12.2016,900,13.1,80.3,3.5,975,60,26,SCS
VARDAH,12.12.2016,1200,13,79.9,3.5,984,50,18,SCS
VARDAH,12.12.2016,1500,12.9,79.5,3,994,40,10,CS
VARDAH,12.12.2016,1800,12.7,79.1,2,1002,30,5,DD
VARDAH,13.12.2016,0,12.5,78,1.5,1003,20,3,D
MORA,28.05.2017,0,14,88.5,1.5,998,25,3,D
MORA,28.05.2017,300,14.5,89.5,1.5,998,25,3,D
MORA,28.05.2017,600,15,90,1.5,997,25,3,D
MORA,28.05.2017,900,15.4,90.5,2,996,30,4,DD
MORA,28.05.2017,1200,15.7,90.7,2,995,30,5,DD
MORA,28.05.2017,1500,16,91,2.5,994,35,6,CS
MORA,28.05.2017,1800,16.3,91.2,2.5,994,35,6,CS
MORA,28.05.2017,2100,16.6,91.3,2.5,992,40,8,CS
MORA,29.05.2017,0,17,91.3,3,990,45,10,CS
MORA,29.05.2017,300,17.3,91.3,3,990,45,10,CS
MORA,29.05.2017,600,17.8,91.4,3,988,45,10,CS
MORA,29.05.2017,900,18.3,91.5,3,986,45,11,CS
MORA,29.05.2017,1200,18.6,91.5,3,984,50,12,SCS
MORA,29.05.2017,1500,18.8,91.5,3.5,980,55,16,SCS
MORA,29.05.2017,1800,20,91.6,3.5,980,55,16,SCS
MORA,29.05.2017,2100,20.3,91.6,3.5,978,60,18,SCS
MORA,30.05.2017,0,21.1,91.8,3.5,978,60,18,SCS
MORA,30.05.2017,300,21.8,91.9,3.5,978,60,18,SCS
MORA,30.05.2017,600,22.8,91.9,.,982,55,16,SCS
MORA,30.05.2017,900,23.6,92.1,.,988,40,10,CS
MORA,30.05.2017,1200,24.2,92.2,.,990,30,6,DD
MORA,30.05.2017,1800,25.3,92.4,.,994,20,4,D
OCKHI,29.11.2017,300,6.5,81.8,1.5,1004,25,3,D
OCKHI,29.11.2017,600,6.5,80.4,1.5,1004,25,4,D
OCKHI,29.11.2017,1200,6.2,80,1.5,1002,25,4,D
OCKHI,29.11.2017,1800,6.3,79.2,1.5,1002,25,4,D
OCKHI,29.11.2017,2100,6.5,78.6,2,1001,30,5,DD
OCKHI,30.11.2017,0,6.7,78.3,2,1000,30,6,DD
OCKHI,30.11.2017,300,7.5,77.5,2.5,999,35,7,CS
OCKHI,30.11.2017,600,7.8,76.9,2.5,998,40,8,CS
OCKHI,30.11.2017,900,7.9,76.4,3,996,45,10,CS
OCKHI,30.11.2017,1200,8.2,75.8,3,996,45,10,CS
OCKHI,30.11.2017,1500,8.3,75.4,3,996,45,10,CS
OCKHI,30.11.2017,1800,8.5,74.9,3,994,45,12,CS
OCKHI,30.11.2017,2100,8.6,74.5,3,994,45,12,CS
OCKHI,01.12.2017,0,8.8,74,3,992,50,14,SCS
OCKHI,01.12.2017,300,8.9,73.8,3.5,990,55,16,SCS
OCKHI,01.12.2017,600,9,73.4,3.5,989,60,18,SCS
OCKHI,01.12.2017,900,9.1,73,4,988,65,21,VSCS
OCKHI,01.12.2017,1200,9.2,72.8,4,986,65,22,VSCS
OCKHI,01.12.2017,1500,9.3,72.5,4,984,65,24,VSCS
OCKHI,01.12.2017,1800,9.4,72.1,4,982,70,26,VSCS
OCKHI,01.12.2017,2100,9.5,71.8,4,980,75,28,VSCS
OCKHI,02.12.2017,0,9.6,71.5,4.5,978,80,30,VSCS
OCKHI,02.12.2017,300,9.7,71.2,4.5,978,80,32,VSCS
OCKHI,02.12.2017,600,9.8,71,4.5,976,85,34,VSCS
OCKHI,02.12.2017,900,10.2,70.6,4.5,976,85,34,VSCS
OCKHI,02.12.2017,1200,10.5,70.3,4.5,976,85,34,VSCS
OCKHI,02.12.2017,1500,10.8,70,4.5,976,85,34,VSCS
OCKHI,02.12.2017,1800,11.1,69.7,4.5,976,85,34,VSCS
OCKHI,02.12.2017,2100,11.3,69.5,4.5,976,85,34,VSCS
OCKHI,03.12.2017,0,11.7,69.2,4.5,976,85,34,VSCS
OCKHI,03.12.2017,300,12.1,69,4.5,977,80,32,VSCS
OCKHI,03.12.2017,600,12.3,68.9,4.5,978,75,30,VSCS
OCKHI,03.12.2017,900,12.4,68.8,4.5,980,75,28,VSCS
OCKHI,03.12.2017,1200,12.9,68.7,4.5,982,75,28,VSCS
OCKHI,03.12.2017,1500,13.1,68.6,4.5,982,75,28,VSCS
OCKHI,03.12.2017,1800,13.5,68.5,4.5,982,75,28,VSCS
OCKHI,03.12.2017,2100,14,68.5,4.5,982,75,28,VSCS
OCKHI,04.12.2017,0,14.5,68.5,4,984,70,24,VSCS
OCKHI,04.12.2017,300,14.7,68.5,4,986,65,22,VSCS
OCKHI,04.12.2017,600,14.9,68.7,4,986,65,22,VSCS
OCKHI,04.12.2017,900,15.2,69,4,986,65,22,VSCS
OCKHI,04.12.2017,1200,15.7,69.2,3.5,988,60,18,VSCS
OCKHI,04.12.2017,1500,16.1,69.5,3.5,988,60,18,VSCS
OCKHI,04.12.2017,1800,16.5,69.8,3.5,990,55,16,SCS
OCKHI,04.12.2017,2100,16.9,70.1,3.5,992,55,14,SCS
OCKHI,05.12.2017,0,17.3,70.4,3.5,994,50,12,SCS
OCKHI,05.12.2017,300,17.7,70.7,3,996,45,10,CS
OCKHI,05.12.2017,600,18.1,71,2.5,998,40,8,CS
OCKHI,05.12.2017,900,18.3,71.2,2,1000,30,6,DD
OCKHI,05.12.2017,1200,18.5,71.4,2,1002,30,5,DD
OCKHI,05.12.2017,1500,18.8,71.6,1.5,1003,25,4,D
OCKHI,05.12.2017,1800,19.2,71.9,1.5,1004,20,3,D
TITLI,08.10.2018,300,14,88.8,1.5,1002,25,3,D
TITLI,08.10.2018,600,14,88.8,1.5,1002,25,4,D
TITLI,08.10.2018,1200,14.3,88.2,1.5,1002,25,4,D
TITLI,08.10.2018,1800,14.5,87.6,2,1000,30,5,DD
TITLI,09.10.2018,0,14.7,87.1,2,1000,30,5,DD
TITLI,09.10.2018,300,14.7,86.9,2,999,30,6,DD
TITLI,09.10.2018,600,14.8,86.7,2.5,998,35,7,CS
TITLI,09.10.2018,900,14.9,86.6,2.5,997,35,7,CS
TITLI,09.10.2018,1200,15.1,86.4,2.5,996,40,8,CS
TITLI,09.10.2018,1500,15.3,86.2,2.5,995,40,9,CS
TITLI,09.10.2018,1800,15.5,86,3,996,45,10,CS
TITLI,09.10.2018,2100,15.7,85.8,3,994,50,12,SCS
TITLI,10.10.2018,0,16,85.8,3.5,990,55,16,SCS
TITLI,10.10.2018,300,16.5,85.8,3.5,988,60,18,SCS
TITLI,10.10.2018,600,17,85.6,4,982,70,24,VSCS
TITLI,10.10.2018,900,17.3,85.4,4.5,976,75,28,VSCS
TITLI,10.10.2018,1200,17.5,85.3,4.5,972,80,32,VSCS
TITLI,10.10.2018,1500,17.7,85.2,4.5,972,80,32,VSCS
TITLI,10.10.2018,1800,18.2,85.1,4.5,972,80,32,VSCS
TITLI,10.10.2018,2100,18.6,84.7,4.5,972,80,32,VSCS
TITLI,11.10.2018,0,18.8,84.4,.,972,80,32,VSCS
TITLI,11.10.2018,300,19,84.1,.,985,65,21,VSCS
TITLI,11.10.2018,600,19.3,83.8,.,988,60,18,SCS
TITLI,11.10.2018,900,19.6,83.8,.,994,50,12,SCS
TITLI,11.10.2018,1200,19.9,83.7,.,996,45,10,CS
TITLI,11.10.2018,1500,20.1,84,.,998,40,8,CS
TITLI,11.10.2018,1800,20.3,84.3,.,999,30,6,DD
TITLI,12.10.2018,0,20.5,84.7,.,1000,30,6,DD
TITLI,12.10.2018,300,20.6,84.9,.,1001,30,5,DD
TITLI,12.10.2018,600,20.8,85.2,.,1001,30,5,DD
TITLI,12.10.2018,900,20.9,85.5,.,1002,25,4,D
TITLI,12.10.2018,1200,21.2,86.1,.,1002,25,4,D
TITLI,12.10.2018,1800,21.9,87.2,.,1003,25,4,D
TITLI,12.10.2018,2100,22.1,87.5,.,1004,20,3,D
PHETHAI,13.12.2018,0,6.5,88.7,1.5,1004,25,3,D
PHETHAI,13.12.2018,300,6.7,88.6,1.5,1004,25,3,D
PHETHAI,13.12.2018,600,6.8,88.5,1.5,1003,25,4,D
PHETHAI,13.12.2018,1200,7.3,88.2,1.5,1003,25,4,D
PHETHAI,13.12.2018,1800,7.6,88,2,1002,30,5,DD
PHETHAI,13.12.2018,0,8.2,87.6,2,1002,30,5,DD
PHETHAI,14.12.2018,300,8.5,87.4,2,1002,30,5,DD
PHETHAI,14.12.2018,600,8.5,87.4,2,1002,30,5,DD
PHETHAI,14.12.2018,1200,8.6,86.8,2,1002,30,5,DD
PHETHAI,14.12.2018,1800,8.8,86.2,2,1002,30,5,DD
PHETHAI,15.12.2018,0,9,85.5,2,1002,30,5,DD
PHETHAI,15.12.2018,300,9.2,85.2,2,1001,30,6,DD
PHETHAI,15.12.2018,600,9.4,85.1,2,1001,30,6,DD
PHETHAI,15.12.2018,1200,10.3,84.9,2.5,1000,35,7,CS
PHETHAI,15.12.2018,1500,10.7,84.7,2.5,1000,35,7,CS
PHETHAI,15.12.2018,1800,11,84.6,2.5,1000,35,7,CS
PHETHAI,15.12.2018,2100,11.1,84.5,2.5,1000,35,7,CS
PHETHAI,16.12.2018,0,11.3,84.3,3,998,40,8,CS
PHETHAI,16.12.2018,300,11.8,84.1,3,996,45,10,CS
PHETHAI,16.12.2018,600,12.2,83.9,3,996,45,10,CS
PHETHAI,16.12.2018,900,12..6,83.6,3,994,50,13,SCS
PHETHAI,16.12.2018,1200,13.3,83,3.5,992,55,15,SCS
PHETHAI,16.12.2018,1500,13.8,82.7,3.5,992,55,15,SCS
PHETHAI,16.12.2018,1800,14,82.5,3.5,992,55,15,SCS
PHETHAI,16.12.2018,2100,14.5,82.2,3.5,992,55,15,SCS
PHETHAI,17.12.2018,0,15.2,82.2,3,994,50,13,SCS
PHETHAI,17.12.2018,300,15.8,82.2,3,997,45,10,CS
PHETHAI,17.12.2018,600,16.2,82.2,3,997,45,10,CS
PHETHAI,17.12.2018,900,16.7,82.3,.,998,40,8,CS
PHETHAI,17.12.2018,1200,16.9,82.4,2,1001,30,6,DD
PHETHAI,17.12.2018,1500,17.3,82.5,.,1004,30,5,DD
PHETHAI,17.12.2018,1800,17.5,82.5,.,1006,25,3,D
FANI,26.04.2019,300,2.7,89.7,1.5,998,25,4,D
FANI,26.04.2019,600,3,89.4,1.5,998,25,4,D
FANI,26.04.2019,1200,3.2,89.2,1.5,998,25,4,D
FANI,26.04.2019,1800,3.7,88.8,1.5,998,25,4,D
FANI,27.04.2019,0,4.5,88.8,2,997,30,5,DD
FANI,27.04.2019,300,4.9,88.7,2,996,30,6,DD
FANI,27.04.2019,600,5.2,88.6,2.5,995,35,7,CS
FANI,27.04.2019,900,5.4,88.5,2.5,994,40,8,CS
FANI,27.04.2019,1200,5.9,88.5,3,992,45,10,CS
FANI,27.04.2019,1500,6.3,88.5,3,992,45,10,CS
FANI,27.04.2019,1800,6.6,88.2,3,992,45,10,CS
FANI,27.04.2019,2100,6.9,87.9,3,992,45,10,CS
FANI,28.04.2019,0,7.3,87.9,3,992,45,10,CS
FANI,28.04.2019,300,7.3,87.9,3,992,45,10,CS
FANI,28.04.2019,600,7.4,87.8,3,992,45,10,CS
FANI,28.04.2019,900,7.7,87.5,3,992,45,10,CS
FANI,28.04.2019,1200,8.2,87,3,992,45,10,CS
FANI,28.04.2019,1500,8.3,86.9,3,992,45,10,CS
FANI,28.04.2019,1800,8.4,86.9,3,992,45,10,CS
FANI,28.04.2019,2100,8.5,86.9,3,992,45,10,CS
FANI,29.04.2019,0,8.6,86.9,3,992,45,10,CS
FANI,29.04.2019,300,8.7,86.9,3,992,45,10,CS
FANI,29.04.2019,600,9.2,86.9,3,992,45,10,CS
FANI,29.04.2019,900,9.7,86.8,3,992,45,10,CS
FANI,29.04.2019,1200,10.1,86.7,3.5,986,55,16,SCS
FANI,29.04.2019,1500,10.4,86.7,3.5,986,55,16,SCS
FANI,29.04.2019,1800,10.8,86.6,3.5,986,55,16,SCS
FANI,29.04.2019,2100,11.1,86.5,4,982,65,20,VSCS
FANI,30.04.2019,0,11.7,86.5,4,980,70,22,VSCS
FANI,30.04.2019,300,12.3,86.2,4.5,974,75,28,VSCS
FANI,30.04.2019,600,12.6,85.7,4.5,970,80,32,VSCS
FANI,30.04.2019,900,13,85.3,4.5,966,85,36,VSCS
FANI,30.04.2019,1200,13.3,84.7,5,962,90,40,ESCS
FANI,30.04.2019,1500,13.4,84.5,5,957,95,45,ESCS
FANI,30.04.2019,1800,13.5,84.4,5,957,95,45,ESCS
FANI,30.04.2019,2100,13.6,84.2,5,957,95,45,ESCS
FANI,01.05.2019,0,13.9,84,5,957,95,45,ESCS
FANI,01.05.2019,300,14.1,83.9,5,957,95,45,ESCS
FANI,01.05.2019,600,14.2,83.9,5,957,95,45,ESCS
FANI,01.05.2019,900,14.5,84.1,5,955,95,45,ESCS
FANI,01.05.2019,1200,14.9,84.1,5.5,950,100,50,ESCS
FANI,01.05.2019,1500,15.1,84.1,5.5,950,100,50,ESCS
FANI,01.05.2019,1800,15.2,84.1,5.5,950,100,50,ESCS
FANI,01.05.2019,2100,15.5,84.2,5.5,950,100,50,ESCS
FANI,02.05.2019,0,15.9,84.5,5.5,945,105,55,ESCS
FANI,02.05.2019,300,16.2,84.6,5.5,945,105,55,ESCS
FANI,02.05.2019,600,16.7,84.8,6,940,110,60,ESCS
FANI,02.05.2019,900,17.1,84.8,6,932,115,66,ESCS
FANI,02.05.2019,1200,17.5,84.8,6,932,115,66,ESCS
FANI,02.05.2019,1500,17.8,84.9,6,934,115,66,ESCS
FANI,02.05.2019,1800,18.2,85,6,934,115,66,ESCS
FANI,02.05.2019,2100,18.6,85.2,6,934,115,66,ESCS
FANI,03.05.2019,0,19.1,85.5,6,945,105,55,ESCS
FANI,03.05.2019,300,19.6,85.7,5.5,952,100,50,ESCS
FANI,03.05.2019,600,20.2,85.9,.,966,85,36,VSCS
FANI,03.05.2019,900,20.6,86,.,970,75,28,VSCS
FANI,03.05.2019,1200,21.1,86.5,.,976,70,22,VSCS
FANI,03.05.2019,1500,21.5,86.7,.,980,60,18,SCS
FANI,03.05.2019,1800,21.9,87.1,.,984,55,16,SCS
FANI,03.05.2019,2100,22.5,87.9,.,986,50,12,SCS
FANI,04.05.2019,0,23.1,88.2,.,994,40,8,CS
FANI,04.05.2019,300,23.6,88.8,.,996,30,6,DD
FANI,04.05.2019,600,24.3,89.3,.,998,25,5,D
FANI,04.05.2019,1200,25.2,90.7,.,1000,20,4,D
BULBUL,05.11.2019,0,13.1,91.5,1.5,1004,20,3,D
BULBUL,05.11.2019,300,13.1,91,1.5,1003,25,3,D
BULBUL,05.11.2019,600,13.1,90.7,1.5,1003,25,3,D
BULBUL,05.11.2019,1200,13.2,90.1,1.5,1003,25,3,D
BULBUL,05.11.2019,1800,13.3,89.8,1.5,1002,25,4,D
BULBUL,06.11.2019,0,13.4,89.7,2,1001,30,5,DD
BULBUL,06.11.2019,300,13.4,89.6,2,1001,30,5,DD
BULBUL,06.11.2019,600,13.4,89.4,2,1001,30,5,DD
BULBUL,06.11.2019,1200,13.5,89.3,2,1000,30,6,DD
BULBUL,06.11.2019,1800,13.8,89.3,2.5,998,35,7,CS
BULBUL,07.11.2019,0,14.2,89.3,2.5,998,35,7,CS
BULBUL,07.11.2019,300,14.7,89.3,2.5,998,35,7,CS
BULBUL,07.11.2019,600,15.3,88.7,2.5,996,40,8,CS
BULBUL,07.11.2019,900,15.5,88.4,3,995,45,9,CS
BULBUL,07.11.2019,1200,15.9,88,3,994,45,10,CS
BULBUL,07.11.2019,1500,16.2,87.9,3,992,50,12,SCS
BULBUL,07.11.2019,1800,16.4,87.8,3.5,989,55,15,SCS
BULBUL,07.11.2019,2100,16.6,87.7,3.5,986,60,18,SCS
BULBUL,08.11.2019,0,16.9,87.6,4,983,65,21,VSCS
BULBUL,08.11.2019,300,17.2,87.6,4,982,65,22,VSCS
BULBUL,08.11.2019,600,17.6,87.6,4,980,70,24,VSCS
BULBUL,08.11.2019,900,18.1,87.6,4,980,70,24,VSCS
BULBUL,08.11.2019,1200,18.5,87.6,4,976,75,28,VSCS
BULBUL,08.11.2019,1500,19.2,87.7,4,976,75,28,VSCS
BULBUL,08.11.2019,1800,19.3,87.6,4,976,75,28,VSCS
BULBUL,08.11.2019,2100,19.6,87.7,4,976,75,28,VSCS
BULBUL,09.11.2019,0,20,87.6,4,976,75,28,VSCS
BULBUL,09.11.2019,300,20.4,87.6,4,980,70,24,VSCS
BULBUL,09.11.2019,600,20.6,87.8,4,982,70,22,VSCS
BULBUL,09.11.2019,900,20.9,87.9,4,982,70,22,VSCS
BULBUL,09.11.2019,1200,21.2,88.1,4.5,982,70,22,VSCS
BULBUL,09.11.2019,1500,21.4,88.3,4.5,986,60,18,SCS
BULBUL,09.11.2019,1800,21.6,88.6,.,990,60,18,SCS
BULBUL,09.11.2019,2100,21.9,89.1,.,996,50,12,SCS
BULBUL,10.11.2019,0,22.1,89.5,.,998,45,10,CS
BULBUL,10.11.2019,300,22.2,89.7,.,1000,40,8,CS
BULBUL,10.11.2019,600,22.3,90,.,1000,40,8,CS
BULBUL,10.11.2019,900,22.4,90.1,.,1002,30,6,DD
BULBUL,10.11.2019,1200,22.5,90.4,.,1002,30,5,DD
BULBUL,10.11.2019,1800,22.7,91.2,.,1002,30,5,DD
BULBUL,11.11.2019,0,23.1,91.9,.,1004,20,3,D
AMPHAN,16.05.2020,0,10.4,87,1.5,1000,25,3,D
AMPHAN,16.05.2020,300,10.7,86.5,1.5,1000,25,3,D
AMPHAN,16.05.2020,600,10.9,86.3,1.5,1000,25,3,D
AMPHAN,16.05.2020,900,10.9,86.3,2,998,30,5,DD
AMPHAN,16.05.2020,1200,10.9,86.3,2.5,996,35,7,CS
AMPHAN,16.05.2020,1500,11,86.2,2.5,995,40,8,CS
AMPHAN,16.05.2020,1800,11.1,86.1,2.5,995,40,8,CS
AMPHAN,16.05.2020,2100,11.3,86.1,3,994,45,10,CS
AMPHAN,17.05.2020,0,11.4,86,3,993,45,11,CS
AMPHAN,17.05.2020,300,11.4,86,3,990,50,12,SCS
AMPHAN,17.05.2020,600,11.5,86,3.5,988,55,15,SCS
AMPHAN,17.05.2020,900,11.7,86,4,980,65,22,VSCS
AMPHAN,17.05.2020,1200,12,86,4,978,70,25,VSCS
AMPHAN,17.05.2020,1500,12.8,86.2,4.5,972,75,28,VSCS
AMPHAN,17.05.2020,1800,12.5,86.1,4.5,970,80,32,VSCS
AMPHAN,17.05.2020,2100,12.9,86.4,5,962,90,40,ESCS
AMPHAN,18.05.2020,0,13.2,86.3,5.5,952,100,50,ESCS
AMPHAN,18.05.2020,300,13.3,86.2,6,936,115,66,ESCS
AMPHAN,18.05.2020,600,13.4,86.2,6.5,930,120,72,SuCS
AMPHAN,18.05.2020,900,13.7,86.2,6.5,930,120,72,SuCS
AMPHAN,18.05.2020,1200,14,86.3,6.5,926,125,76,SuCS
AMPHAN,18.05.2020,1500,14.5,86.4,6.5,926,125,76,SuCS
AMPHAN,18.05.2020,1800,14.9,86.5,6.5,920,130,84,SuCS
AMPHAN,18.05.2020,2100,15.2,86.6,6.5,920,130,84,SuCS
AMPHAN,19.05.2020,0,15.6,86.7,6.5,926,125,76,SuCS
AMPHAN,19.05.2020,300,16,86.8,6.5,930,120,72,SuCS
AMPHAN,19.05.2020,600,16.5,86.9,6,936,115,66,ESCS
AMPHAN,19.05.2020,900,17,86.9,6,942,110,60,ESCS
AMPHAN,19.05.2020,1200,17.4,87,5.5,946,105,56,ESCS
AMPHAN,19.05.2020,1500,18.1,87.1,5.5,948,100,50,ESCS
AMPHAN,19.05.2020,1800,18.4,87.2,5.5,948,100,50,ESCS
AMPHAN,19.05.2020,2100,18.7,87.2,5.5,948,100,50,ESCS
AMPHAN,20.05.2020,0,19.1,87.5,5,952,95,46,ESCS
AMPHAN,20.05.2020,300,19.8,87.7,5,954,95,44,ESCS
AMPHAN,20.05.2020,600,20.6,88,5,956,90,42,ESCS
AMPHAN,20.05.2020,900,21.4,88.1,5,960,90,42,ESCS
AMPHAN,20.05.2020,1200,21.9,88.4,-,957,85,36,VSCS
AMPHAN,20.05.2020,1500,22.7,88.6,-,968,65,34,VSCS
AMPHAN,20.05.2020,1800,23.3,89,-,978,50,14,SCS
AMPHAN,20.05.2020,2100,24.2,89,-,986,45,12,CS
AMPHAN,21.05.2020,0,24.2,89.3,-,988,40,10,CS
AMPHAN,21.05.2020,300,24.7,89.5,-,990,35,8,CS
AMPHAN,21.05.2020,600,25,89.6,-,992,30,6,DD
AMPHAN,21.05.2020,1200,25.4,89.6,-,995,20,4,D
NIVAR,22.11.2020,2100,8.5,85.3,1.5,1002,25,3,D
NIVAR,23.11.2020,0,9.3,84.5,1.5,1002,25,3,D
NIVAR,23.11.2020,300,9.5,84.2,1.5,1002,25,3,D
NIVAR,23.11.2020,600,9.6,84,1.5,1001,25,4,D
NIVAR,23.11.2020,1200,9.8,83.6,2,999,30,5,DD
NIVAR,23.11.2020,1800,10,83.3,2,998,30,6,DD
NIVAR,24.11.2020,0,10,83,2.5,997,35,7,CS
NIVAR,24.11.2020,300,10,83,2.5,997,35,7,CS
NIVAR,24.11.2020,600,10,82.7,2.5,994,40,8,CS
NIVAR,24.11.2020,900,10,82.6,3,992,45,10,CS
NIVAR,24.11.2020,1200,10.1,82.5,3,992,45,10,CS
NIVAR,24.11.2020,1500,10.1,82.4,3,992,45,10,CS
NIVAR,24.11.2020,1800,10.2,82.3,3.5,990,50,12,SCS
NIVAR,24.11.2020,2100,10.3,82.2,3.5,988,55,16,SCS
NIVAR,25.11.2020,0,10.5,82,3.5,986,60,18,SCS
NIVAR,25.11.2020,300,10.7,81.7,3.5,986,60,18,SCS
NIVAR,25.11.2020,600,11,81.3,3.5,986,60,18,SCS
NIVAR,25.11.2020,900,11.2,81,4,982,65,22,VSCS
NIVAR,25.11.2020,1200,11.4,80.7,4,982,65,22,VSCS
NIVAR,25.11.2020,1500,11.7,80.4,4,982,65,22,VSCS
NIVAR,25.11.2020,1800,12,80.1,4,982,65,22,VSCS
NIVAR,25.11.2020,2100,12.1,79.9,-,986,60,18,SCS
NIVAR,26.11.2020,0,12.3,79.7,-,992,50,12,SCS
NIVAR,26.11.2020,300,12.6,79.4,-,996,40,8,CS
NIVAR,26.11.2020,600,12.9,79.3,-,998,30,6,CS
NIVAR,26.11.2020,900,13.3,79.3,-,999,30,5,DD
NIVAR,26.11.2020,1200,13.6,79.4,-,1000,30,5,DD
NIVAR,26.11.2020,1800,14,79.6,-,1002,20,3,D
YAAS,23.05.2021,600,16.1,90.2,1.5,996,25,4,D
YAAS,23.05.2021,1200,16.2,89.9,1.5,994,25,4,D
YAAS,23.05.2021,1800,16.3,89.7,2,992,30,5,DD
YAAS,24.05.2021,0,16.3,89.7,2.5,990,35,7,CS
YAAS,24.05.2021,300,16.5,89.6,2.5,988,40,8,CS
YAAS,24.05.2021,600,16.4,89.6,2.5,988,40,8,CS
YAAS,24.05.2021,900,16.8,89.5,2.5,988,40,8,CS
YAAS,24.05.2021,1200,17.1,89.3,3,986,45,10,CS
YAAS,24.05.2021,1500,17.4,89.2,3,986,45,10,CS
YAAS,24.05.2021,1800,17.6,89,3,984,50,12,SCS
YAAS,24.05.2021,2100,17.8,88.9,3.5,982,55,14,SCS
YAAS,25.05.2021,0,18,88.6,3.5,980,55,16,SCS
YAAS,25.05.2021,300,18.3,88.3,3.5,980,55,16,SCS
YAAS,25.05.2021,600,18.7,88,3.5,978,60,18,SCS
YAAS,25.05.2021,900,19.1,88.1,3.5,978,60,18,SCS
YAAS,25.05.2021,1200,19.5,88,4,976,65,20,VSCS
YAAS,25.05.2021,1500,19.8,87.9,4,976,65,20,VSCS
YAAS,25.05.2021,1800,20.1,87.8,4,974,70,24,VSCS
YAAS,25.05.2021,2100,20.4,87.6,4,970,75,28,VSCS
YAAS,26.05.2021,0,20.8,87.3,4,970,75,28,VSCS
YAAS,26.05.2021,300,21.2,87.1,4,970,75,28,VSCS
YAAS,26.05.2021,600,21.4,86.9,-,970,75,28,VSCS
YAAS,26.05.2021,900,21.6,86.7,-,978,55,16,SCS
YAAS,26.05.2021,1200,21.8,86.6,-,984,45,10,CS
YAAS,26.05.2021,1500,22.2,86.2,-,986,40,8,CS
YAAS,26.05.2021,1800,22.5,86,-,988,30,6,DD
YAAS,27.05.2021,0,22.8,85.8,-,988,30,6,DD
YAAS,27.05.2021,300,23.1,85.7,-,990,30,6,DD
YAAS,27.05.2021,600,23.5,85.6,-,991,25,5,D
YAAS,27.05.2021,1200,24.3,85.3,-,992,25,4,D
YAAS,27.05.2021,1800,24.7,84.8,,992,25,4,D
ASANI,07.05.2022,600,9.4,91.3,1.5,996,25,4,D
ASANI,07.05.2022,1200,10.3,90.4,2,995,30,5,DD
ASANI,07.05.2022,1800,10.8,90.1,2,994,30,5,DD
ASANI,08.05.2022,0,11.3,89.3,2.5,992,35,7,CS
ASANI,08.05.2022,300,11.5,89,2.5,990,40,8,CS
ASANI,08.05.2022,600,11.8,88.7,3,988,45,10,CS
ASANI,08.05.2022,900,12,88.4,3,988,45,10,CS
ASANI,08.05.2022,1200,12.3,88.2,3,986,50,12,SCS
ASANI,08.05.2022,1500,12.7,87.8,3,986,50,12,SCS
ASANI,08.05.2022,1800,13.1,87.5,3.5,984,55,14,SCS
ASANI,08.05.2022,2100,13.5,87.1,3.5,984,55,14,SCS
ASANI,09.05.2022,0,13.9,86.8,3.5,983,55,15,SCS
ASANI,09.05.2022,300,14.2,86.5,3.5,982,55,16,SCS
ASANI,09.05.2022,600,14.6,86.3,3.5,982,55,16,SCS
ASANI,09.05.2022,900,14.7,86,3.5,982,55,16,SCS
ASANI,09.05.2022,1200,14.9,85.8,3.5,982,55,16,SCS
ASANI,09.05.2022,1500,15,85.5,3.5,982,55,16,SCS
ASANI,09.05.2022,1800,15.1,85.2,3.5,982,55,16,SCS
ASANI,09.05.2022,2100,15.2,84.9,3.5,982,55,16,SCS
ASANI,10.05.2022,0,15.3,84.6,3.5,982,55,16,SCS
ASANI,10.05.2022,300,15.4,84,3.5,984,55,14,SCS
ASANI,10.05.2022,600,15.5,83.5,3.5,984,55,14,SCS
ASANI,10.05.2022,900,15.6,83.1,3.5,984,55,14,SCS
ASANI,10.05.2022,1200,15.7,82.8,3,984,50,14,SCS
ASANI,10.05.2022,1500,15.8,82.4,3,985,50,13,SCS
ASANI,10.05.2022,1800,15.9,82.1,3,986,50,12,SCS
ASANI,10.05.2022,2100,16,81.9,3,986,45,10,CS
ASANI,11.05.2022,0,16.1,81.8,3,988,45,10,CS
ASANI,11.05.2022,300,16.1,81.6,3,988,45,10,CS
ASANI,11.05.2022,600,16.2,81.5,2.5,990,40,8,CS
ASANI,11.05.2022,900,16.2,81.4,2.5,990,40,8,CS
ASANI,11.05.2022,1200,16.3,81.4,2,992,30,6,DD
ASANI,11.05.2022,1500,16.3,81.3,-,993,30,5,DD
ASANI,11.05.2022,1800,16.3,81.2,-,994,30,5,DD
ASANI,12.05.2022,0,16.2,80.9,-,996,25,4,D
MOCHA,14.05.2023,900,20.5,92.9,-,964,90,40,ESCS
MOCHA,14.05.2023,1200,21.1,93.3,-,974,75,30,VSCS
MOCHA,14.05.2023,1500,21.8,93.8,-,984,60,18,SCS
MOCHA,14.05.2023,1800,22.7,94.6,-,992,50,12,SCS
MOCHA,14.05.2023,2100,23.5,95.3,-,996,35,6,CS
MOCHA,15.05.2023,0,23.9,97.8,-,1000,25,3,D
HAMOON,21.10.2023,1800,14.7,86.4,1.5,1003,25,3,D
HAMOON,21.10.2023,2100,14.8,86.3,1.5,1003,25,3,D
HAMOON,22.10.2023,0,14.9,86.3,1.5,1003,25,3,D
HAMOON,22.10.2023,300,15,86.2,1.5,1003,25,3,D
HAMOON,22.10.2023,600,15.3,86.2,1.5,1003,25,4,D
HAMOON,22.10.2023,900,15.6,86.2,1.5,1002,25,4,D
HAMOON,22.10.2023,1200,15.8,86.3,2,1001,30,5,DD
HAMOON,22.10.2023,1500,16.4,86.4,2,1001,30,5,DD
HAMOON,22.10.2023,1800,16.4,86.5,2,1001,30,5,DD
HAMOON,22.10.2023,2100,16.4,86.6,2,1001,30,5,DD
HAMOON,23.10.2023,0,16.7,86.7,2,1001,30,5,DD
HAMOON,23.10.2023,300,17,86.8,2,1001,30,5,DD
HAMOON,23.10.2023,600,17.4,87,2,1000,30,6,DD
HAMOON,23.10.2023,900,17.9,87.2,2,1000,30,6,DD
HAMOON,23.10.2023,1200,18.3,87.3,2.5,999,35,7,CS
HAMOON,23.10.2023,1500,18.7,87.6,2.5,998,40,8,CS
HAMOON,23.10.2023,1800,19.1,88,3,998,40,8,CS
HAMOON,23.10.2023,2100,19.3,88.4,3.5,994,50,12,SCS
HAMOON,24.10.2023,0,19.7,88.8,3.5,990,55,16,SCS
HAMOON,24.10.2023,300,20,89.5,4,984,65,22,VSCS
HAMOON,24.10.2023,600,20.3,90,4,985,65,21,VSCS
HAMOON,24.10.2023,900,20.6,90.4,4,986,65,20,VSCS
HAMOON,24.10.2023,1200,20.8,90.8,3.5,989,55,17,SCS
HAMOON,24.10.2023,1500,21.3,91.3,3.5,990,55,16,SCS
HAMOON,24.10.2023,1800,21.6,91.6,3.5,994,50,12,SCS
HAMOON,25.10.2023,2100,22,92,-,996,45,10,CS
MIDHILI,15.11.2023,300,14.5,86.8,1.5,1005,25,3,D
MIDHILI,15.11.2023,600,14.7,86.6,1.5,1005,25,3,D
MIDHILI,15.11.2023,1200,15.3,86.4,1.5,1004,25,4,D
MIDHILI,15.11.2023,1800,16,86.4,1.5,1004,25,4,D
MIDHILI,16.11.2023,0,16.9,86.8,2,1003,30,5,DD
MIDHILI,16.11.2023,300,17.4,87,2,1003,30,5,DD
MIDHILI,16.11.2023,600,17.9,87.3,2,1003,30,5,DD
MIDHILI,16.11.2023,1200,18.6,87.7,2,1003,30,5,DD
MIDHILI,16.11.2023,1800,19.1,88,2,1002,30,6,DD
MIDHILI,17.11.2023,0,20.1,88.5,2.5,1001,35,7,CS
MIDHILI,17.11.2023,300,20.7,89.1,2.5,1000,35,7,CS
MIDHILI,17.11.2023,600,21.2,89.5,2.5,998,40,9,CS
MIDHILI,17.11.2023,900,21.8,90,2.5,998,40,8,CS
MIDHILI,17.11.2023,1200,22.8,90.8,-,998,35,8,CS
MIDHILI,17.11.2023,1500,23.1,91.1,-,1006,35,7,CS
MIDHILI,17.11.2023,1800,23.3,91.3,-,1010,30,5,DD
MIDHILI,18.11.2023,0,23.7,91.7,-,1010,20,3,D
